D,amp,model,subject,seed
-0.18131868131868134,0.0,cbramod,2,0
0.32352941176470584,0.0,cbramod,13,0
-0.26461988304093564,0.0,cbramod,15,0
-0.06318681318681318,0.0,cbramod,16,0
-0.06439393939393934,0.0,cbramod,19,0
-0.04761904761904767,0.0,cbramod,25,0
-0.23529411764705888,0.0,cbramod,35,0
-0.15000000000000002,0.0,cbramod,42,0
-0.1428571428571428,0.0,cbramod,44,0
0.044537815126050484,0.0,cbramod,46,0
0.02631578947368407,0.0,cbramod,50,0
-0.1578947368421053,0.0,cbramod,52,0
-0.03431372549019607,0.0,cbramod,62,0
0.17140151515151514,0.0,cbramod,65,0
0.20158102766798414,0.0,cbramod,72,0
-0.014224751066856278,0.0,cbramod,78,0
0.14333333333333353,0.0,cbramod,95,0
-0.18620689655172407,0.0,cbramod,102,0
0.07000000000000006,0.0,cbramod,106,0
-0.04879879879879878,0.0,cbramod,109,0
0.5,0.125,cbramod,2,0
-0.15073529411764708,0.125,cbramod,13,0
0.32456140350877183,0.125,cbramod,15,0
0.4368131868131868,0.125,cbramod,16,0
0.25757575757575757,0.125,cbramod,19,0
0.45238095238095233,0.125,cbramod,25,0
0.2941176470588234,0.125,cbramod,35,0
0.6896825396825399,0.125,cbramod,42,0
0.2142857142857144,0.125,cbramod,44,0
0.24033613445378155,0.125,cbramod,46,0
0.18421052631578938,0.125,cbramod,50,0
0.3421052631578947,0.125,cbramod,52,0
0.16503267973856195,0.125,cbramod,62,0
0.11268939393939403,0.125,cbramod,65,0
0.4703557312252964,0.125,cbramod,72,0
0.17496443812233275,0.125,cbramod,78,0
0.10666666666666669,0.125,cbramod,95,0
0.3931034482758622,0.125,cbramod,102,0
0.06333333333333346,0.125,cbramod,106,0
0.10585585585585577,0.125,cbramod,109,0
0.5604395604395604,0.25,cbramod,2,0
0.3345588235294117,0.25,cbramod,13,0
0.301169590643275,0.25,cbramod,15,0
0.5934065934065935,0.25,cbramod,16,0
0.5984848484848484,0.25,cbramod,19,0
0.8571428571428572,0.25,cbramod,25,0
0.588235294117647,0.25,cbramod,35,0
0.803174603174603,0.25,cbramod,42,0
0.0714285714285714,0.25,cbramod,44,0
0.21344537815126063,0.25,cbramod,46,0
0.5263157894736841,0.25,cbramod,50,0
0.21052631578947367,0.25,cbramod,52,0
0.5980392156862746,0.25,cbramod,62,0
0.3579545454545454,0.25,cbramod,65,0
0.691699604743083,0.25,cbramod,72,0
0.38620199146514933,0.25,cbramod,78,0
0.31333333333333346,0.25,cbramod,95,0
0.5287356321839081,0.25,cbramod,102,0
0.3500000000000001,0.25,cbramod,106,0
0.40315315315315314,0.25,cbramod,109,0
0.8571428571428572,0.5,cbramod,2,0
0.6911764705882353,0.5,cbramod,13,0
0.7587719298245612,0.5,cbramod,15,0
0.8516483516483517,0.5,cbramod,16,0
0.6553030303030303,0.5,cbramod,19,0
0.9523809523809523,0.5,cbramod,25,0
0.9117647058823528,0.5,cbramod,35,0
0.9714285714285715,0.5,cbramod,42,0
0.7142857142857144,0.5,cbramod,44,0
0.6201680672268908,0.5,cbramod,46,0
0.8421052631578947,0.5,cbramod,50,0
0.6052631578947367,0.5,cbramod,52,0
0.6813725490196076,0.5,cbramod,62,0
0.6941287878787878,0.5,cbramod,65,0
1.0,0.5,cbramod,72,0
0.8150782361308677,0.5,cbramod,78,0
0.43500000000000005,0.5,cbramod,95,0
0.8988505747126436,0.5,cbramod,102,0
0.4750000000000001,0.5,cbramod,106,0
0.6734234234234235,0.5,cbramod,109,0
0.8571428571428572,1.0,cbramod,2,0
0.8125,1.0,cbramod,13,0
0.9444444444444444,1.0,cbramod,15,0
1.0,1.0,cbramod,16,0
0.9166666666666665,1.0,cbramod,19,0
1.0,1.0,cbramod,25,0
1.0,1.0,cbramod,35,0
1.0,1.0,cbramod,42,0
0.7857142857142856,1.0,cbramod,44,0
0.8243697478991596,1.0,cbramod,46,0
1.0,1.0,cbramod,50,0
0.763157894736842,1.0,cbramod,52,0
1.0,1.0,cbramod,62,0
0.9081439393939394,1.0,cbramod,65,0
1.0,1.0,cbramod,72,0
0.9196301564722618,1.0,cbramod,78,0
0.7166666666666668,1.0,cbramod,95,0
1.0,1.0,cbramod,102,0
0.635,1.0,cbramod,106,0
0.8370870870870872,1.0,cbramod,109,0
0.2417582417582418,0.0,cbramod,2,1
0.022058823529411686,0.0,cbramod,13,1
0.04532163742690054,0.0,cbramod,15,1
0.11538461538461542,0.0,cbramod,16,1
-0.05681818181818177,0.0,cbramod,19,1
0.04761904761904745,0.0,cbramod,25,1
-0.1470588235294117,0.0,cbramod,35,1
-0.020634920634920673,0.0,cbramod,42,1
0.0,0.0,cbramod,44,1
0.07647058823529429,0.0,cbramod,46,1
0.02631578947368407,0.0,cbramod,50,1
0.05263157894736836,0.0,cbramod,52,1
-0.3088235294117647,0.0,cbramod,62,1
0.10132575757575757,0.0,cbramod,65,1
-0.01976284584980248,0.0,cbramod,72,1
0.041963015647226154,0.0,cbramod,78,1
-0.2633333333333333,0.0,cbramod,95,1
-0.020689655172413834,0.0,cbramod,102,1
-0.020000000000000018,0.0,cbramod,106,1
0.06681681681681684,0.0,cbramod,109,1
0.41758241758241743,0.125,cbramod,2,1
-0.2757352941176471,0.125,cbramod,13,1
0.18421052631578938,0.125,cbramod,15,1
0.4120879120879122,0.125,cbramod,16,1
0.125,0.125,cbramod,19,1
0.45238095238095233,0.125,cbramod,25,1
0.11764705882352944,0.125,cbramod,35,1
0.5182539682539682,0.125,cbramod,42,1
0.0714285714285714,0.125,cbramod,44,1
0.18571428571428572,0.125,cbramod,46,1
0.10526315789473673,0.125,cbramod,50,1
0.10526315789473673,0.125,cbramod,52,1
0.36274509803921573,0.125,cbramod,62,1
-0.045454545454545414,0.125,cbramod,65,1
0.3399209486166008,0.125,cbramod,72,1
0.09530583214793742,0.125,cbramod,78,1
0.30666666666666664,0.125,cbramod,95,1
0.5218390804597701,0.125,cbramod,102,1
0.18333333333333335,0.125,cbramod,106,1
0.1861861861861862,0.125,cbramod,109,1
0.6428571428571428,0.25,cbramod,2,1
0.5147058823529411,0.25,cbramod,13,1
0.35818713450292394,0.25,cbramod,15,1
0.4368131868131868,0.25,cbramod,16,1
0.46590909090909083,0.25,cbramod,19,1
0.7142857142857144,0.25,cbramod,25,1
0.7058823529411764,0.25,cbramod,35,1
0.7476190476190476,0.25,cbramod,42,1
0.1428571428571428,0.25,cbramod,44,1
0.5042016806722689,0.25,cbramod,46,1
0.6052631578947367,0.25,cbramod,50,1
0.5,0.25,cbramod,52,1
0.5375816993464053,0.25,cbramod,62,1
0.44981060606060597,0.25,cbramod,65,1
0.6482213438735176,0.25,cbramod,72,1
0.5206258890469417,0.25,cbramod,78,1
0.10833333333333339,0.25,cbramod,95,1
0.5908045977011493,0.25,cbramod,102,1
0.18833333333333346,0.25,cbramod,106,1
0.3205705705705706,0.25,cbramod,109,1
0.8571428571428572,0.5,cbramod,2,1
0.31985294117647056,0.5,cbramod,13,1
0.5453216374269005,0.5,cbramod,15,1
0.8873626373626373,0.5,cbramod,16,1
0.7803030303030303,0.5,cbramod,19,1
0.9761904761904763,0.5,cbramod,25,1
0.9117647058823528,0.5,cbramod,35,1
0.8857142857142857,0.5,cbramod,42,1
0.4285714285714286,0.5,cbramod,44,1
0.6218487394957983,0.5,cbramod,46,1
0.9473684210526316,0.5,cbramod,50,1
0.5,0.5,cbramod,52,1
0.738562091503268,0.5,cbramod,62,1
0.6638257575757576,0.5,cbramod,65,1
1.0,0.5,cbramod,72,1
0.6294452347083928,0.5,cbramod,78,1
0.5566666666666666,0.5,cbramod,95,1
0.9333333333333333,0.5,cbramod,102,1
0.7166666666666668,0.5,cbramod,106,1
0.4857357357357357,0.5,cbramod,109,1
1.0,1.0,cbramod,2,1
0.8125,1.0,cbramod,13,1
0.7850877192982457,1.0,cbramod,15,1
0.9615384615384617,1.0,cbramod,16,1
0.8674242424242424,1.0,cbramod,19,1
1.0,1.0,cbramod,25,1
0.9705882352941178,1.0,cbramod,35,1
1.0,1.0,cbramod,42,1
0.7857142857142856,1.0,cbramod,44,1
0.8546218487394959,1.0,cbramod,46,1
0.9736842105263159,1.0,cbramod,50,1
0.6842105263157894,1.0,cbramod,52,1
0.9428104575163399,1.0,cbramod,62,1
0.8768939393939394,1.0,cbramod,65,1
1.0,1.0,cbramod,72,1
0.8940256045519204,1.0,cbramod,78,1
0.7566666666666666,1.0,cbramod,95,1
1.0,1.0,cbramod,102,1
0.96,1.0,cbramod,106,1
0.7830330330330331,1.0,cbramod,109,1
-0.18131868131868134,0.0,cbramod,2,2
-0.014705882352941124,0.0,cbramod,13,2
-0.013157894736842146,0.0,cbramod,15,2
0.027472527472527597,0.0,cbramod,16,2
-0.015151515151515138,0.0,cbramod,19,2
0.07142857142857162,0.0,cbramod,25,2
0.0,0.0,cbramod,35,2
-0.040476190476190554,0.0,cbramod,42,2
0.0,0.0,cbramod,44,2
-0.134453781512605,0.0,cbramod,46,2
0.0,0.0,cbramod,50,2
0.07894736842105265,0.0,cbramod,52,2
0.05555555555555558,0.0,cbramod,62,2
-0.10890151515151514,0.0,cbramod,65,2
0.2055335968379448,0.0,cbramod,72,2
0.013513513513513598,0.0,cbramod,78,2
-0.1416666666666666,0.0,cbramod,95,2
0.15172413793103434,0.0,cbramod,102,2
-0.15166666666666662,0.0,cbramod,106,2
0.06981981981981988,0.0,cbramod,109,2
0.41758241758241743,0.125,cbramod,2,2
0.3272058823529411,0.125,cbramod,13,2
0.17105263157894735,0.125,cbramod,15,2
0.554945054945055,0.125,cbramod,16,2
0.16666666666666652,0.125,cbramod,19,2
0.5476190476190474,0.125,cbramod,25,2
0.32352941176470584,0.125,cbramod,35,2
0.4634920634920636,0.125,cbramod,42,2
0.2857142857142858,0.125,cbramod,44,2
0.12857142857142856,0.125,cbramod,46,2
0.3947368421052633,0.125,cbramod,50,2
0.10526315789473673,0.125,cbramod,52,2
0.3431372549019609,0.125,cbramod,62,2
0.4147727272727273,0.125,cbramod,65,2
0.43083003952569165,0.125,cbramod,72,2
0.4139402560455192,0.125,cbramod,78,2
-0.010000000000000009,0.125,cbramod,95,2
0.4908045977011495,0.125,cbramod,102,2
0.1499999999999999,0.125,cbramod,106,2
0.3228228228228227,0.125,cbramod,109,2
0.7857142857142856,0.25,cbramod,2,2
0.3970588235294117,0.25,cbramod,13,2
0.2792397660818713,0.25,cbramod,15,2
0.848901098901099,0.25,cbramod,16,2
0.2954545454545454,0.25,cbramod,19,2
0.7857142857142856,0.25,cbramod,25,2
0.8235294117647058,0.25,cbramod,35,2
0.9142857142857141,0.25,cbramod,42,2
0.5,0.25,cbramod,44,2
0.38739495798319323,0.25,cbramod,46,2
0.6842105263157894,0.25,cbramod,50,2
0.18421052631578938,0.25,cbramod,52,2
0.4526143790849675,0.25,cbramod,62,2
0.2632575757575757,0.25,cbramod,65,2
0.691699604743083,0.25,cbramod,72,2
0.5206258890469417,0.25,cbramod,78,2
0.31166666666666654,0.25,cbramod,95,2
0.7321839080459771,0.25,cbramod,102,2
0.3466666666666667,0.25,cbramod,106,2
0.3213213213213213,0.25,cbramod,109,2
1.0,0.5,cbramod,2,2
0.25735294117647056,0.5,cbramod,13,2
0.6257309941520468,0.5,cbramod,15,2
0.848901098901099,0.5,cbramod,16,2
0.7803030303030303,0.5,cbramod,19,2
1.0,0.5,cbramod,25,2
0.9411764705882353,0.5,cbramod,35,2
0.9714285714285715,0.5,cbramod,42,2
0.2142857142857144,0.5,cbramod,44,2
0.5327731092436974,0.5,cbramod,46,2
0.763157894736842,0.5,cbramod,50,2
0.368421052631579,0.5,cbramod,52,2
0.738562091503268,0.5,cbramod,62,2
0.5984848484848486,0.5,cbramod,65,2
0.9565217391304348,0.5,cbramod,72,2
0.8406827880512091,0.5,cbramod,78,2
0.5966666666666667,0.5,cbramod,95,2
1.0,0.5,cbramod,102,2
0.7166666666666668,0.5,cbramod,106,2
0.484984984984985,0.5,cbramod,109,2
0.9285714285714286,1.0,cbramod,2,2
0.6911764705882353,1.0,cbramod,13,2
0.868421052631579,1.0,cbramod,15,2
1.0,1.0,cbramod,16,2
0.9128787878787881,1.0,cbramod,19,2
1.0,1.0,cbramod,25,2
1.0,1.0,cbramod,35,2
1.0,1.0,cbramod,42,2
0.7142857142857144,1.0,cbramod,44,2
0.8546218487394959,1.0,cbramod,46,2
0.9736842105263159,1.0,cbramod,50,2
0.7105263157894737,1.0,cbramod,52,2
0.9722222222222223,1.0,cbramod,62,2
1.0,1.0,cbramod,65,2
1.0,1.0,cbramod,72,2
0.972972972972973,1.0,cbramod,78,2
0.9583333333333335,1.0,cbramod,95,2
1.0,1.0,cbramod,102,2
0.835,1.0,cbramod,106,2
0.864114114114114,1.0,cbramod,109,2
0.11538461538461542,0.0,csoanet,2,0
-0.2904411764705882,0.0,csoanet,13,0
-0.07748538011695905,0.0,csoanet,15,0
0.008241758241758212,0.0,csoanet,16,0
0.045454545454545414,0.0,csoanet,19,0
0.023809523809523725,0.0,csoanet,25,0
0.17647058823529416,0.0,csoanet,35,0
-0.06587301587301586,0.0,csoanet,42,0
-0.2142857142857143,0.0,csoanet,44,0
-0.24369747899159666,0.0,csoanet,46,0
-0.052631578947368474,0.0,csoanet,50,0
-0.07894736842105265,0.0,csoanet,52,0
0.17320261437908502,0.0,csoanet,62,0
0.1960227272727273,0.0,csoanet,65,0
-0.19762845849802368,0.0,csoanet,72,0
-0.1216216216216216,0.0,csoanet,78,0
0.10166666666666657,0.0,csoanet,95,0
-0.01839080459770115,0.0,csoanet,102,0
0.22666666666666657,0.0,csoanet,106,0
0.06831831831831847,0.0,csoanet,109,0
0.554945054945055,0.125,csoanet,2,0
0.03676470588235281,0.125,csoanet,13,0
0.2134502923976609,0.125,csoanet,15,0
0.4835164835164836,0.125,csoanet,16,0
0.4166666666666665,0.125,csoanet,19,0
0.5714285714285716,0.125,csoanet,25,0
0.47058823529411775,0.125,csoanet,35,0
0.4976190476190476,0.125,csoanet,42,0
0.2857142857142858,0.125,csoanet,44,0
0.12941176470588234,0.125,csoanet,46,0
0.3421052631578947,0.125,csoanet,50,0
-0.05263157894736836,0.125,csoanet,52,0
0.1470588235294117,0.125,csoanet,62,0
0.07954545454545459,0.125,csoanet,65,0
0.25296442687747045,0.125,csoanet,72,0
0.3051209103840682,0.125,csoanet,78,0
0.07000000000000006,0.125,csoanet,95,0
0.5218390804597701,0.125,csoanet,102,0
0.07000000000000006,0.125,csoanet,106,0
0.364114114114114,0.125,csoanet,109,0
0.7747252747252746,0.25,csoanet,2,0
0.4007352941176472,0.25,csoanet,13,0
0.3230994152046782,0.25,csoanet,15,0
0.6675824175824174,0.25,csoanet,16,0
0.5984848484848484,0.25,csoanet,19,0
0.9761904761904763,0.25,csoanet,25,0
0.7647058823529411,0.25,csoanet,35,0
0.9722222222222223,0.25,csoanet,42,0
0.0,0.25,csoanet,44,0
0.15966386554621836,0.25,csoanet,46,0
0.7894736842105263,0.25,csoanet,50,0
0.2894736842105263,0.25,csoanet,52,0
0.7712418300653594,0.25,csoanet,62,0
0.3257575757575757,0.25,csoanet,65,0
0.7351778656126482,0.25,csoanet,72,0
0.6258890469416785,0.25,csoanet,78,0
0.39333333333333353,0.25,csoanet,95,0
0.7931034482758621,0.25,csoanet,102,0
0.43333333333333335,0.25,csoanet,106,0
0.31081081081081097,0.25,csoanet,109,0
1.0,0.5,csoanet,2,0
0.6470588235294117,0.5,csoanet,13,0
0.8114035087719298,0.5,csoanet,15,0
0.9230769230769231,0.5,csoanet,16,0
0.8636363636363638,0.5,csoanet,19,0
1.0,0.5,csoanet,25,0
1.0,0.5,csoanet,35,0
1.0,0.5,csoanet,42,0
0.8571428571428572,0.5,csoanet,44,0
0.6504201680672268,0.5,csoanet,46,0
0.9736842105263159,0.5,csoanet,50,0
0.6052631578947367,0.5,csoanet,52,0
0.9428104575163399,0.5,csoanet,62,0
0.6325757575757576,0.5,csoanet,65,0
1.0,0.5,csoanet,72,0
0.9736842105263159,0.5,csoanet,78,0
0.39333333333333353,0.5,csoanet,95,0
1.0,0.5,csoanet,102,0
0.6383333333333334,0.5,csoanet,106,0
0.5015015015015014,0.5,csoanet,109,0
1.0,1.0,csoanet,2,0
0.8823529411764706,1.0,csoanet,13,0
0.9722222222222223,1.0,csoanet,15,0
1.0,1.0,csoanet,16,0
0.9545454545454546,1.0,csoanet,19,0
1.0,1.0,csoanet,25,0
1.0,1.0,csoanet,35,0
1.0,1.0,csoanet,42,0
0.7857142857142856,1.0,csoanet,44,0
0.9420168067226891,1.0,csoanet,46,0
1.0,1.0,csoanet,50,0
0.6578947368421053,1.0,csoanet,52,0
1.0,1.0,csoanet,62,0
0.8465909090909092,1.0,csoanet,65,0
1.0,1.0,csoanet,72,0
1.0,1.0,csoanet,78,0
0.7166666666666668,1.0,csoanet,95,0
1.0,1.0,csoanet,102,0
0.8383333333333334,1.0,csoanet,106,0
0.7222222222222223,1.0,csoanet,109,0
0.027472527472527597,0.0,csoanet,2,1
0.09191176470588225,0.0,csoanet,13,1
-0.05409356725146197,0.0,csoanet,15,1
-0.041208791208791284,0.0,csoanet,16,1
-0.007575757575757569,0.0,csoanet,19,1
-0.0714285714285714,0.0,csoanet,25,1
0.02941176470588225,0.0,csoanet,35,1
0.040476190476190554,0.0,csoanet,42,1
0.1428571428571428,0.0,csoanet,44,1
0.1033613445378152,0.0,csoanet,46,1
-0.052631578947368474,0.0,csoanet,50,1
-0.21052631578947367,0.0,csoanet,52,1
-0.2875816993464052,0.0,csoanet,62,1
0.10795454545454541,0.0,csoanet,65,1
-0.3379446640316206,0.0,csoanet,72,1
-0.09246088193456614,0.0,csoanet,78,1
0.14000000000000012,0.0,csoanet,95,1
-0.051724137931034475,0.0,csoanet,102,1
-0.22333333333333338,0.0,csoanet,106,1
-0.15390390390390385,0.0,csoanet,109,1
0.39560439560439553,0.125,csoanet,2,1
0.2683823529411766,0.125,csoanet,13,1
0.06871345029239784,0.125,csoanet,15,1
0.4505494505494507,0.125,csoanet,16,1
0.045454545454545414,0.125,csoanet,19,1
0.45238095238095233,0.125,csoanet,25,1
0.5294117647058822,0.125,csoanet,35,1
0.6095238095238096,0.125,csoanet,42,1
0.2142857142857142,0.125,csoanet,44,1
0.04117647058823515,0.125,csoanet,46,1
0.42105263157894735,0.125,csoanet,50,1
0.1578947368421053,0.125,csoanet,52,1
0.2107843137254901,0.125,csoanet,62,1
0.2054924242424243,0.125,csoanet,65,1
0.34189723320158105,0.125,csoanet,72,1
0.11806543385490764,0.125,csoanet,78,1
0.06833333333333336,0.125,csoanet,95,1
0.4862068965517241,0.125,csoanet,102,1
0.15333333333333332,0.125,csoanet,106,1
0.042042042042042205,0.125,csoanet,109,1
0.7747252747252746,0.25,csoanet,2,1
0.5036764705882353,0.25,csoanet,13,1
0.6432748538011697,0.25,csoanet,15,1
0.6675824175824174,0.25,csoanet,16,1
0.7727272727272727,0.25,csoanet,19,1
0.9285714285714286,0.25,csoanet,25,1
0.9117647058823528,0.25,csoanet,35,1
0.8888888888888888,0.25,csoanet,42,1
0.1428571428571428,0.25,csoanet,44,1
0.21680672268907575,0.25,csoanet,46,1
0.6842105263157894,0.25,csoanet,50,1
0.07894736842105265,0.25,csoanet,52,1
0.7434640522875817,0.25,csoanet,62,1
0.4195075757575757,0.25,csoanet,65,1
0.5158102766798418,0.25,csoanet,72,1
0.5483641536273116,0.25,csoanet,78,1
0.31499999999999995,0.25,csoanet,95,1
0.8620689655172413,0.25,csoanet,102,1
0.35166666666666657,0.25,csoanet,106,1
0.17417417417417402,0.25,csoanet,109,1
1.0,0.5,csoanet,2,1
0.8235294117647058,0.5,csoanet,13,1
0.8347953216374271,0.5,csoanet,15,1
0.9258241758241759,0.5,csoanet,16,1
0.8636363636363638,0.5,csoanet,19,1
0.9761904761904763,0.5,csoanet,25,1
1.0,0.5,csoanet,35,1
1.0,0.5,csoanet,42,1
0.6428571428571428,0.5,csoanet,44,1
0.5647058823529412,0.5,csoanet,46,1
0.9473684210526316,0.5,csoanet,50,1
0.47368421052631593,0.5,csoanet,52,1
0.9428104575163399,0.5,csoanet,62,1
0.6647727272727273,0.5,csoanet,65,1
1.0,0.5,csoanet,72,1
0.9473684210526314,0.5,csoanet,78,1
0.43666666666666654,0.5,csoanet,95,1
1.0,0.5,csoanet,102,1
0.5183333333333335,0.5,csoanet,106,1
0.3986486486486487,0.5,csoanet,109,1
1.0,1.0,csoanet,2,1
1.0,1.0,csoanet,13,1
0.945906432748538,1.0,csoanet,15,1
1.0,1.0,csoanet,16,1
1.0,1.0,csoanet,19,1
1.0,1.0,csoanet,25,1
1.0,1.0,csoanet,35,1
1.0,1.0,csoanet,42,1
0.8571428571428572,1.0,csoanet,44,1
0.8823529411764706,1.0,csoanet,46,1
0.9736842105263159,1.0,csoanet,50,1
0.6578947368421053,1.0,csoanet,52,1
1.0,1.0,csoanet,62,1
0.9696969696969697,1.0,csoanet,65,1
1.0,1.0,csoanet,72,1
1.0,1.0,csoanet,78,1
0.8399999999999999,1.0,csoanet,95,1
1.0,1.0,csoanet,102,1
0.96,1.0,csoanet,106,1
0.8093093093093093,1.0,csoanet,109,1
-0.04395604395604402,0.0,csoanet,2,2
0.3492647058823528,0.0,csoanet,13,2
0.2178362573099415,0.0,csoanet,15,2
0.2280219780219781,0.0,csoanet,16,2
-0.04924242424242431,0.0,csoanet,19,2
0.023809523809523725,0.0,csoanet,25,2
0.02941176470588225,0.0,csoanet,35,2
-0.23809523809523814,0.0,csoanet,42,2
0.0,0.0,csoanet,44,2
0.014285714285714235,0.0,csoanet,46,2
-0.02631578947368418,0.0,csoanet,50,2
0.07894736842105265,0.0,csoanet,52,2
-0.0016339869281045694,0.0,csoanet,62,2
-0.41761363636363635,0.0,csoanet,65,2
0.24505928853754932,0.0,csoanet,72,2
-0.09246088193456614,0.0,csoanet,78,2
-0.14500000000000002,0.0,csoanet,95,2
0.01724137931034475,0.0,csoanet,102,2
0.30666666666666664,0.0,csoanet,106,2
-0.09984984984984979,0.0,csoanet,109,2
0.4725274725274726,0.125,csoanet,2,2
0.34191176470588225,0.125,csoanet,13,2
0.29678362573099415,0.125,csoanet,15,2
0.5247252747252746,0.125,csoanet,16,2
0.15909090909090917,0.125,csoanet,19,2
0.5952380952380953,0.125,csoanet,25,2
0.5,0.125,csoanet,35,2
0.6642857142857141,0.125,csoanet,42,2
0.1428571428571428,0.125,csoanet,44,2
0.33277310924369763,0.125,csoanet,46,2
0.368421052631579,0.125,csoanet,50,2
-0.05263157894736836,0.125,csoanet,52,2
0.6339869281045751,0.125,csoanet,62,2
0.08238636363636376,0.125,csoanet,65,2
0.47430830039525684,0.125,csoanet,72,2
0.49146514935988606,0.125,csoanet,78,2
0.02833333333333332,0.125,csoanet,95,2
0.5528735632183908,0.125,csoanet,102,2
0.22999999999999998,0.125,csoanet,106,2
0.22672672672672678,0.125,csoanet,109,2
0.9285714285714286,0.25,csoanet,2,2
0.34191176470588225,0.25,csoanet,13,2
0.5657894736842106,0.25,csoanet,15,2
0.8131868131868132,0.25,csoanet,16,2
0.5113636363636362,0.25,csoanet,19,2
0.8095238095238093,0.25,csoanet,25,2
0.9411764705882353,0.25,csoanet,35,2
0.9722222222222223,0.25,csoanet,42,2
0.1428571428571428,0.25,csoanet,44,2
0.44789915966386573,0.25,csoanet,46,2
0.736842105263158,0.25,csoanet,50,2
0.07894736842105265,0.25,csoanet,52,2
0.8006535947712417,0.25,csoanet,62,2
0.3579545454545454,0.25,csoanet,65,2
0.9130434782608696,0.25,csoanet,72,2
0.4395448079658606,0.25,csoanet,78,2
0.15166666666666662,0.25,csoanet,95,2
0.7931034482758621,0.25,csoanet,102,2
0.43333333333333335,0.25,csoanet,106,2
0.33708708708708723,0.25,csoanet,109,2
1.0,0.5,csoanet,2,2
0.7022058823529411,0.5,csoanet,13,2
0.7807017543859649,0.5,csoanet,15,2
1.0,0.5,csoanet,16,2
0.8636363636363638,0.5,csoanet,19,2
1.0,0.5,csoanet,25,2
1.0,0.5,csoanet,35,2
1.0,0.5,csoanet,42,2
0.2857142857142856,0.5,csoanet,44,2
0.7100840336134453,0.5,csoanet,46,2
0.9736842105263159,0.5,csoanet,50,2
0.368421052631579,0.5,csoanet,52,2
1.0,0.5,csoanet,62,2
0.512310606060606,0.5,csoanet,65,2
1.0,0.5,csoanet,72,2
0.9466571834992887,0.5,csoanet,78,2
0.5150000000000001,0.5,csoanet,95,2
0.9655172413793105,0.5,csoanet,102,2
0.6333333333333333,0.5,csoanet,106,2
0.5585585585585586,0.5,csoanet,109,2
1.0,1.0,csoanet,2,2
0.9411764705882353,1.0,csoanet,13,2
1.0,1.0,csoanet,15,2
1.0,1.0,csoanet,16,2
1.0,1.0,csoanet,19,2
1.0,1.0,csoanet,25,2
1.0,1.0,csoanet,35,2
1.0,1.0,csoanet,42,2
0.6428571428571428,1.0,csoanet,44,2
0.9126050420168066,1.0,csoanet,46,2
1.0,1.0,csoanet,50,2
0.6052631578947367,1.0,csoanet,52,2
1.0,1.0,csoanet,62,2
0.9081439393939394,1.0,csoanet,65,2
1.0,1.0,csoanet,72,2
1.0,1.0,csoanet,78,2
0.8399999999999999,1.0,csoanet,95,2
1.0,1.0,csoanet,102,2
0.9583333333333335,1.0,csoanet,106,2
0.9166666666666665,1.0,csoanet,109,2
-0.18681318681318682,0.0,eegnet,2,0
0.022058823529411686,0.0,eegnet,13,0
-0.15935672514619892,0.0,eegnet,15,0
-0.14560439560439553,0.0,eegnet,16,0
0.08712121212121193,0.0,eegnet,19,0
0.04761904761904767,0.0,eegnet,25,0
0.17647058823529416,0.0,eegnet,35,0
-0.21111111111111103,0.0,eegnet,42,0
-0.0714285714285714,0.0,eegnet,44,0
-0.015126050420168125,0.0,eegnet,46,0
0.0,0.0,eegnet,50,0
0.026315789473684292,0.0,eegnet,52,0
0.23202614379084974,0.0,eegnet,62,0
0.16666666666666652,0.0,eegnet,65,0
-0.19762845849802368,0.0,eegnet,72,0
0.03911806543385499,0.0,eegnet,78,0
-0.06166666666666676,0.0,eegnet,95,0
-0.18620689655172407,0.0,eegnet,102,0
0.18166666666666664,0.0,eegnet,106,0
0.09834834834834827,0.0,eegnet,109,0
0.4065934065934065,0.125,eegnet,2,0
0.08823529411764719,0.125,eegnet,13,0
0.19005847953216382,0.125,eegnet,15,0
0.5934065934065935,0.125,eegnet,16,0
0.2537878787878789,0.125,eegnet,19,0
0.7142857142857144,0.125,eegnet,25,0
0.5,0.125,eegnet,35,0
0.5476190476190477,0.125,eegnet,42,0
0.2142857142857144,0.125,eegnet,44,0
0.10084033613445387,0.125,eegnet,46,0
0.3157894736842106,0.125,eegnet,50,0
0.13157894736842102,0.125,eegnet,52,0
0.17647058823529416,0.125,eegnet,62,0
0.07765151515151514,0.125,eegnet,65,0
0.5079051383399209,0.125,eegnet,72,0
0.38620199146514933,0.125,eegnet,78,0
0.18500000000000005,0.125,eegnet,95,0
0.5931034482758621,0.125,eegnet,102,0
-0.020000000000000018,0.125,eegnet,106,0
0.1846846846846848,0.125,eegnet,109,0
0.8461538461538463,0.25,eegnet,2,0
0.5698529411764706,0.25,eegnet,13,0
0.4064327485380117,0.25,eegnet,15,0
0.8846153846153846,0.25,eegnet,16,0
0.7348484848484849,0.25,eegnet,19,0
0.8809523809523809,0.25,eegnet,25,0
0.8235294117647058,0.25,eegnet,35,0
0.9436507936507936,0.25,eegnet,42,0
-0.2142857142857143,0.25,eegnet,44,0
0.246218487394958,0.25,eegnet,46,0
0.8157894736842106,0.25,eegnet,50,0
0.1578947368421053,0.25,eegnet,52,0
0.7712418300653594,0.25,eegnet,62,0
0.3835227272727273,0.25,eegnet,65,0
0.7766798418972332,0.25,eegnet,72,0
0.5462304409672831,0.25,eegnet,78,0
0.3900000000000001,0.25,eegnet,95,0
0.8298850574712644,0.25,eegnet,102,0
0.43166666666666664,0.25,eegnet,106,0
0.3438438438438438,0.25,eegnet,109,0
1.0,0.5,eegnet,2,0
0.7022058823529411,0.5,eegnet,13,0
0.7836257309941521,0.5,eegnet,15,0
0.9230769230769231,0.5,eegnet,16,0
0.9090909090909092,0.5,eegnet,19,0
1.0,0.5,eegnet,25,0
1.0,0.5,eegnet,35,0
1.0,0.5,eegnet,42,0
0.5714285714285714,0.5,eegnet,44,0
0.5638655462184876,0.5,eegnet,46,0
0.9736842105263159,0.5,eegnet,50,0
0.5526315789473686,0.5,eegnet,52,0
1.0,0.5,eegnet,62,0
0.8162878787878789,0.5,eegnet,65,0
1.0,0.5,eegnet,72,0
0.8677098150782361,0.5,eegnet,78,0
0.5550000000000002,0.5,eegnet,95,0
1.0,0.5,eegnet,102,0
0.6733333333333333,0.5,eegnet,106,0
0.5668168168168168,0.5,eegnet,109,0
1.0,1.0,eegnet,2,0
1.0,1.0,eegnet,13,0
0.9736842105263159,1.0,eegnet,15,0
1.0,1.0,eegnet,16,0
1.0,1.0,eegnet,19,0
1.0,1.0,eegnet,25,0
1.0,1.0,eegnet,35,0
1.0,1.0,eegnet,42,0
0.8571428571428572,1.0,eegnet,44,0
0.9411764705882353,1.0,eegnet,46,0
1.0,1.0,eegnet,50,0
0.7105263157894737,1.0,eegnet,52,0
1.0,1.0,eegnet,62,0
0.9384469696969697,1.0,eegnet,65,0
1.0,1.0,eegnet,72,0
1.0,1.0,eegnet,78,0
0.8399999999999999,1.0,eegnet,95,0
1.0,1.0,eegnet,102,0
0.96,1.0,eegnet,106,0
0.8911411411411412,1.0,eegnet,109,0
0.03296703296703285,0.0,eegnet,2,1
0.02573529411764719,0.0,eegnet,13,1
-0.16812865497076024,0.0,eegnet,15,1
-0.1071428571428572,0.0,eegnet,16,1
-0.045454545454545414,0.0,eegnet,19,1
0.0,0.0,eegnet,25,1
0.08823529411764719,0.0,eegnet,35,1
0.06904761904761902,0.0,eegnet,42,1
0.2142857142857144,0.0,eegnet,44,1
0.0117647058823529,0.0,eegnet,46,1
0.10526315789473673,0.0,eegnet,50,1
-0.05263157894736836,0.0,eegnet,52,1
-0.03758169934640532,0.0,eegnet,62,1
-0.016098484848484862,0.0,eegnet,65,1
0.06521739130434767,0.0,eegnet,72,1
-0.19914651493598856,0.0,eegnet,78,1
-0.023333333333333206,0.0,eegnet,95,1
-0.18850574712643675,0.0,eegnet,102,1
0.2250000000000001,0.0,eegnet,106,1
-0.04279279279279269,0.0,eegnet,109,1
0.5604395604395604,0.125,eegnet,2,1
-0.15073529411764708,0.125,eegnet,13,1
0.04532163742690054,0.125,eegnet,15,1
0.29670329670329676,0.125,eegnet,16,1
0.15909090909090917,0.125,eegnet,19,1
0.4285714285714284,0.125,eegnet,25,1
0.38235294117647056,0.125,eegnet,35,1
0.5261904761904761,0.125,eegnet,42,1
-0.0714285714285714,0.125,eegnet,44,1
0.012605042016806678,0.125,eegnet,46,1
0.3157894736842106,0.125,eegnet,50,1
-0.13157894736842102,0.125,eegnet,52,1
0.3251633986928104,0.125,eegnet,62,1
0.11079545454545459,0.125,eegnet,65,1
0.37944664031620556,0.125,eegnet,72,1
0.1472261735419631,0.125,eegnet,78,1
0.026666666666666616,0.125,eegnet,95,1
0.42068965517241397,0.125,eegnet,102,1
-0.020000000000000018,0.125,eegnet,106,1
0.12687687687687688,0.125,eegnet,109,1
0.9285714285714286,0.25,eegnet,2,1
0.5183823529411766,0.25,eegnet,13,1
0.5614035087719298,0.25,eegnet,15,1
0.7719780219780219,0.25,eegnet,16,1
0.5984848484848484,0.25,eegnet,19,1
0.9047619047619047,0.25,eegnet,25,1
0.9117647058823528,0.25,eegnet,35,1
0.8055555555555556,0.25,eegnet,42,1
0.2142857142857144,0.25,eegnet,44,1
0.39075630252100835,0.25,eegnet,46,1
0.8157894736842106,0.25,eegnet,50,1
0.23684210526315796,0.25,eegnet,52,1
0.8055555555555556,0.25,eegnet,62,1
0.4147727272727273,0.25,eegnet,65,1
0.7806324110671938,0.25,eegnet,72,1
0.5469416785206258,0.25,eegnet,78,1
0.3500000000000001,0.25,eegnet,95,1
0.7931034482758621,0.25,eegnet,102,1
0.2666666666666666,0.25,eegnet,106,1
0.1794294294294294,0.25,eegnet,109,1
1.0,0.5,eegnet,2,1
0.6948529411764706,0.5,eegnet,13,1
0.7529239766081872,0.5,eegnet,15,1
1.0,0.5,eegnet,16,1
0.8636363636363638,0.5,eegnet,19,1
1.0,0.5,eegnet,25,1
0.9705882352941178,0.5,eegnet,35,1
1.0,0.5,eegnet,42,1
0.4285714285714286,0.5,eegnet,44,1
0.6806722689075628,0.5,eegnet,46,1
1.0,0.5,eegnet,50,1
0.5,0.5,eegnet,52,1
0.9722222222222223,0.5,eegnet,62,1
0.7225378787878789,0.5,eegnet,65,1
1.0,0.5,eegnet,72,1
0.9736842105263159,0.5,eegnet,78,1
0.47,0.5,eegnet,95,1
1.0,0.5,eegnet,102,1
0.7566666666666666,0.5,eegnet,106,1
0.29504504504504503,0.5,eegnet,109,1
1.0,1.0,eegnet,2,1
0.9411764705882353,1.0,eegnet,13,1
0.9195906432748537,1.0,eegnet,15,1
1.0,1.0,eegnet,16,1
1.0,1.0,eegnet,19,1
1.0,1.0,eegnet,25,1
1.0,1.0,eegnet,35,1
1.0,1.0,eegnet,42,1
0.7857142857142856,1.0,eegnet,44,1
0.9420168067226891,1.0,eegnet,46,1
1.0,1.0,eegnet,50,1
0.736842105263158,1.0,eegnet,52,1
1.0,1.0,eegnet,62,1
0.9081439393939394,1.0,eegnet,65,1
1.0,1.0,eegnet,72,1
1.0,1.0,eegnet,78,1
0.8383333333333334,1.0,eegnet,95,1
1.0,1.0,eegnet,102,1
0.9583333333333335,1.0,eegnet,106,1
0.5405405405405406,1.0,eegnet,109,1
-0.4835164835164836,0.0,eegnet,2,2
0.3382352941176472,0.0,eegnet,13,2
-0.005847953216374213,0.0,eegnet,15,2
0.038461538461538325,0.0,eegnet,16,2
0.09090909090909083,0.0,eegnet,19,2
-0.09523809523809523,0.0,eegnet,25,2
-0.1470588235294118,0.0,eegnet,35,2
-0.07222222222222219,0.0,eegnet,42,2
0.0,0.0,eegnet,44,2
-0.1865546218487395,0.0,eegnet,46,2
-0.05263157894736836,0.0,eegnet,50,2
0.07894736842105265,0.0,eegnet,52,2
0.03267973856209139,0.0,eegnet,62,2
-0.018939393939393923,0.0,eegnet,65,2
0.15810276679841895,0.0,eegnet,72,2
-0.147226173541963,0.0,eegnet,78,2
0.18666666666666654,0.0,eegnet,95,2
0.11954022988505741,0.0,eegnet,102,2
-0.06333333333333324,0.0,eegnet,106,2
-0.018018018018018056,0.0,eegnet,109,2
0.5494505494505493,0.125,eegnet,2,2
0.09558823529411775,0.125,eegnet,13,2
0.18274853801169577,0.125,eegnet,15,2
0.3351648351648353,0.125,eegnet,16,2
0.4242424242424243,0.125,eegnet,19,2
0.5952380952380953,0.125,eegnet,25,2
0.3529411764705883,0.125,eegnet,35,2
0.5547619047619048,0.125,eegnet,42,2
0.0,0.125,eegnet,44,2
0.33109243697479007,0.125,eegnet,46,2
0.2894736842105263,0.125,eegnet,50,2
0.026315789473684292,0.125,eegnet,52,2
0.357843137254902,0.125,eegnet,62,2
0.23295454545454541,0.125,eegnet,65,2
0.3438735177865613,0.125,eegnet,72,2
0.465149359886202,0.125,eegnet,78,2
0.18833333333333346,0.125,eegnet,95,2
0.7252873563218389,0.125,eegnet,102,2
0.14833333333333343,0.125,eegnet,106,2
0.20645645645645638,0.125,eegnet,109,2
0.697802197802198,0.25,eegnet,2,2
0.20588235294117663,0.25,eegnet,13,2
0.3464912280701755,0.25,eegnet,15,2
0.8901098901098901,0.25,eegnet,16,2
0.6022727272727273,0.25,eegnet,19,2
0.8571428571428572,0.25,eegnet,25,2
0.7058823529411766,0.25,eegnet,35,2
0.8888888888888888,0.25,eegnet,42,2
0.3571428571428572,0.25,eegnet,44,2
0.5915966386554623,0.25,eegnet,46,2
0.6578947368421053,0.25,eegnet,50,2
0.23684210526315796,0.25,eegnet,52,2
0.75,0.25,eegnet,62,2
0.2945075757575757,0.25,eegnet,65,2
0.8675889328063242,0.25,eegnet,72,2
0.5455192034139402,0.25,eegnet,78,2
0.3483333333333334,0.25,eegnet,95,2
0.896551724137931,0.25,eegnet,102,2
0.3883333333333334,0.25,eegnet,106,2
0.5067567567567568,0.25,eegnet,109,2
1.0,0.5,eegnet,2,2
0.6985294117647058,0.5,eegnet,13,2
0.7836257309941521,0.5,eegnet,15,2
0.9642857142857144,0.5,eegnet,16,2
0.7727272727272727,0.5,eegnet,19,2
1.0,0.5,eegnet,25,2
0.9705882352941178,0.5,eegnet,35,2
1.0,0.5,eegnet,42,2
0.2142857142857144,0.5,eegnet,44,2
0.679831932773109,0.5,eegnet,46,2
0.9473684210526314,0.5,eegnet,50,2
0.3421052631578947,0.5,eegnet,52,2
0.9722222222222223,0.5,eegnet,62,2
0.6306818181818183,0.5,eegnet,65,2
1.0,0.5,eegnet,72,2
0.868421052631579,0.5,eegnet,78,2
0.31333333333333346,0.5,eegnet,95,2
1.0,0.5,eegnet,102,2
0.6333333333333333,0.5,eegnet,106,2
0.3723723723723724,0.5,eegnet,109,2
1.0,1.0,eegnet,2,2
1.0,1.0,eegnet,13,2
0.945906432748538,1.0,eegnet,15,2
1.0,1.0,eegnet,16,2
1.0,1.0,eegnet,19,2
1.0,1.0,eegnet,25,2
1.0,1.0,eegnet,35,2
1.0,1.0,eegnet,42,2
0.7857142857142856,1.0,eegnet,44,2
0.9411764705882353,1.0,eegnet,46,2
1.0,1.0,eegnet,50,2
0.736842105263158,1.0,eegnet,52,2
0.9722222222222223,1.0,eegnet,62,2
0.9081439393939394,1.0,eegnet,65,2
1.0,1.0,eegnet,72,2
1.0,1.0,eegnet,78,2
0.7166666666666668,1.0,eegnet,95,2
1.0,1.0,eegnet,102,2
0.8383333333333334,1.0,eegnet,106,2
0.8918918918918919,1.0,eegnet,109,2
-0.478021978021978,0.0,shallow,2,0
-0.1654411764705882,0.0,shallow,13,0
0.16081871345029253,0.0,shallow,15,0
0.11813186813186816,0.0,shallow,16,0
0.037878787878787845,0.0,shallow,19,0
-0.1428571428571428,0.0,shallow,25,0
0.17647058823529416,0.0,shallow,35,0
-0.07222222222222219,0.0,shallow,42,0
-0.1428571428571428,0.0,shallow,44,0
-0.09999999999999998,0.0,shallow,46,0
-0.05263157894736836,0.0,shallow,50,0
-0.07894736842105265,0.0,shallow,52,0
0.08823529411764719,0.0,shallow,62,0
-0.01325757575757569,0.0,shallow,65,0
0.29051383399209474,0.0,shallow,72,0
-0.09530583214793742,0.0,shallow,78,0
-0.42999999999999994,0.0,shallow,95,0
-0.051724137931034475,0.0,shallow,102,0
-0.10166666666666668,0.0,shallow,106,0
-0.11786786786786796,0.0,shallow,109,0
-0.03296703296703307,0.125,shallow,2,0
-0.27941176470588236,0.125,shallow,13,0
-0.0628654970760234,0.125,shallow,15,0
0.1428571428571428,0.125,shallow,16,0
-0.12878787878787878,0.125,shallow,19,0
0.40476190476190466,0.125,shallow,25,0
-0.08823529411764697,0.125,shallow,35,0
0.30079365079365084,0.125,shallow,42,0
-0.0714285714285714,0.125,shallow,44,0
-0.043697478991596705,0.125,shallow,46,0
0.07894736842105265,0.125,shallow,50,0
0.0,0.125,shallow,52,0
-0.016339869281045694,0.125,shallow,62,0
0.015151515151515138,0.125,shallow,65,0
0.28853754940711474,0.125,shallow,72,0
0.20199146514935995,0.125,shallow,78,0
-0.021666666666666723,0.125,shallow,95,0
0.14827586206896548,0.125,shallow,102,0
0.14500000000000002,0.125,shallow,106,0
0.23348348348348358,0.125,shallow,109,0
0.4120879120879122,0.25,shallow,2,0
0.2757352941176472,0.25,shallow,13,0
0.1885964912280702,0.25,shallow,15,0
0.2637362637362637,0.25,shallow,16,0
0.38257575757575757,0.25,shallow,19,0
0.6904761904761905,0.25,shallow,25,0
0.3529411764705883,0.25,shallow,35,0
0.5817460317460317,0.25,shallow,42,0
0.1428571428571428,0.25,shallow,44,0
0.09915966386554631,0.25,shallow,46,0
0.3157894736842106,0.25,shallow,50,0
0.026315789473684292,0.25,shallow,52,0
0.30065359477124187,0.25,shallow,62,0
-0.13636363636363635,0.25,shallow,65,0
0.4209486166007905,0.25,shallow,72,0
0.26031294452347087,0.25,shallow,78,0
0.10999999999999988,0.25,shallow,95,0
0.6609195402298851,0.25,shallow,102,0
0.1466666666666665,0.25,shallow,106,0
0.08033033033033021,0.25,shallow,109,0
0.9230769230769231,0.5,shallow,2,0
0.2095588235294117,0.5,shallow,13,0
0.368421052631579,0.5,shallow,15,0
0.8543956043956045,0.5,shallow,16,0
0.5946969696969697,0.5,shallow,19,0
1.0,0.5,shallow,25,0
0.7058823529411766,0.5,shallow,35,0
0.8888888888888888,0.5,shallow,42,0
0.0714285714285714,0.5,shallow,44,0
0.4487394957983195,0.5,shallow,46,0
0.868421052631579,0.5,shallow,50,0
-0.10526315789473684,0.5,shallow,52,0
0.33333333333333326,0.5,shallow,62,0
0.41193181818181834,0.5,shallow,65,0
0.9565217391304348,0.5,shallow,72,0
0.5761024182076815,0.5,shallow,78,0
-0.050000000000000044,0.5,shallow,95,0
0.9666666666666668,0.5,shallow,102,0
0.5533333333333332,0.5,shallow,106,0
0.0,0.5,shallow,109,0
1.0,1.0,shallow,2,0
0.6985294117647058,1.0,shallow,13,0
0.6944444444444444,1.0,shallow,15,0
0.9642857142857144,1.0,shallow,16,0
0.9090909090909092,1.0,shallow,19,0
1.0,1.0,shallow,25,0
0.9705882352941178,1.0,shallow,35,0
0.9722222222222223,1.0,shallow,42,0
0.2857142857142858,1.0,shallow,44,0
0.738655462184874,1.0,shallow,46,0
1.0,1.0,shallow,50,0
0.5526315789473684,1.0,shallow,52,0
0.9444444444444444,1.0,shallow,62,0
0.8134469696969697,1.0,shallow,65,0
1.0,1.0,shallow,72,0
0.8655761024182076,1.0,shallow,78,0
0.3966666666666665,1.0,shallow,95,0
1.0,1.0,shallow,102,0
0.7916666666666665,1.0,shallow,106,0
0.0,1.0,shallow,109,0
-0.19780219780219777,0.0,shallow,2,1
0.02573529411764719,0.0,shallow,13,1
0.10672514619883033,0.0,shallow,15,1
-0.14560439560439553,0.0,shallow,16,1
-0.0037878787878788955,0.0,shallow,19,1
0.023809523809523725,0.0,shallow,25,1
0.02941176470588225,0.0,shallow,35,1
0.13174603174603172,0.0,shallow,42,1
0.2142857142857144,0.0,shallow,44,1
-0.012605042016806678,0.0,shallow,46,1
-0.21052631578947367,0.0,shallow,50,1
0.02631578947368407,0.0,shallow,52,1
0.09477124183006547,0.0,shallow,62,1
0.10416666666666652,0.0,shallow,65,1
-0.06126482213438733,0.0,shallow,72,1
-0.17567567567567566,0.0,shallow,78,1
0.061666666666666536,0.0,shallow,95,1
0.08160919540229883,0.0,shallow,102,1
-0.06166666666666676,0.0,shallow,106,1
-0.08708708708708701,0.0,shallow,109,1
-0.04395604395604402,0.125,shallow,2,1
-0.09558823529411764,0.125,shallow,13,1
0.04239766081871332,0.125,shallow,15,1
-0.005494505494505475,0.125,shallow,16,1
-0.06439393939393934,0.125,shallow,19,1
0.11904761904761907,0.125,shallow,25,1
0.05882352941176472,0.125,shallow,35,1
0.04603174603174609,0.125,shallow,42,1
0.0714285714285714,0.125,shallow,44,1
-0.01680672268907568,0.125,shallow,46,1
-0.026315789473684292,0.125,shallow,50,1
0.1578947368421053,0.125,shallow,52,1
0.065359477124183,0.125,shallow,62,1
0.011363636363636243,0.125,shallow,65,1
0.019762845849802257,0.125,shallow,72,1
-0.11877667140825032,0.125,shallow,78,1
0.2316666666666667,0.125,shallow,95,1
0.1229885057471265,0.125,shallow,102,1
0.21833333333333327,0.125,shallow,106,1
0.10735735735735741,0.125,shallow,109,1
0.31868131868131866,0.25,shallow,2,1
0.1470588235294117,0.25,shallow,13,1
0.09064327485380108,0.25,shallow,15,1
0.3159340659340659,0.25,shallow,16,1
0.07954545454545459,0.25,shallow,19,1
0.5,0.25,shallow,25,1
0.3529411764705883,0.25,shallow,35,1
0.5547619047619048,0.25,shallow,42,1
-0.3571428571428572,0.25,shallow,44,1
0.16050420168067214,0.25,shallow,46,1
0.44736842105263164,0.25,shallow,50,1
-0.13157894736842102,0.25,shallow,52,1
0.24836601307189543,0.25,shallow,62,1
0.07386363636363624,0.25,shallow,65,1
0.4209486166007905,0.25,shallow,72,1
0.2802275960170697,0.25,shallow,78,1
0.07333333333333325,0.25,shallow,95,1
0.5551724137931036,0.25,shallow,102,1
0.18166666666666664,0.25,shallow,106,1
0.0,0.25,shallow,109,1
0.9230769230769231,0.5,shallow,2,1
0.3272058823529411,0.5,shallow,13,1
0.13888888888888884,0.5,shallow,15,1
0.7142857142857144,0.5,shallow,16,1
0.5757575757575757,0.5,shallow,19,1
0.9047619047619047,0.5,shallow,25,1
0.7941176470588234,0.5,shallow,35,1
0.8333333333333335,0.5,shallow,42,1
-0.1428571428571428,0.5,shallow,44,1
0.36722689075630255,0.5,shallow,46,1
0.8421052631578947,0.5,shallow,50,1
0.18421052631578938,0.5,shallow,52,1
0.47058823529411775,0.5,shallow,62,1
0.5085227272727273,0.5,shallow,65,1
1.0,0.5,shallow,72,1
0.36059743954480794,0.5,shallow,78,1
0.1499999999999999,0.5,shallow,95,1
0.9666666666666668,0.5,shallow,102,1
0.1466666666666665,0.5,shallow,106,1
0.0,0.5,shallow,109,1
1.0,1.0,shallow,2,1
0.5698529411764706,1.0,shallow,13,1
0.5277777777777777,1.0,shallow,15,1
1.0,1.0,shallow,16,1
0.9090909090909092,1.0,shallow,19,1
0.9761904761904763,1.0,shallow,25,1
1.0,1.0,shallow,35,1
0.9444444444444444,1.0,shallow,42,1
0.5,1.0,shallow,44,1
0.7134453781512606,1.0,shallow,46,1
1.0,1.0,shallow,50,1
0.5,1.0,shallow,52,1
0.9722222222222223,1.0,shallow,62,1
0.78125,1.0,shallow,65,1
1.0,1.0,shallow,72,1
0.8926031294452348,1.0,shallow,78,1
0.3566666666666667,1.0,shallow,95,1
1.0,1.0,shallow,102,1
0.6716666666666666,1.0,shallow,106,1
0.16216216216216228,1.0,shallow,109,1
-0.027472527472527375,0.0,shallow,2,2
0.02573529411764719,0.0,shallow,13,2
-0.10818713450292394,0.0,shallow,15,2
-0.038461538461538436,0.0,shallow,16,2
-0.07196969696969702,0.0,shallow,19,2
0.11904761904761907,0.0,shallow,25,2
0.0,0.0,shallow,35,2
0.012698412698412653,0.0,shallow,42,2
-0.0714285714285714,0.0,shallow,44,2
0.042857142857142705,0.0,shallow,46,2
0.0,0.0,shallow,50,2
-0.13157894736842102,0.0,shallow,52,2
0.315359477124183,0.0,shallow,62,2
0.07765151515151514,0.0,shallow,65,2
-0.19367588932806323,0.0,shallow,72,2
0.03769559032716918,0.0,shallow,78,2
0.09833333333333338,0.0,shallow,95,2
-0.05402298850574716,0.0,shallow,102,2
0.06000000000000005,0.0,shallow,106,2
-0.18168168168168164,0.0,shallow,109,2
0.1923076923076923,0.125,shallow,2,2
0.02573529411764719,0.125,shallow,13,2
-0.051169590643274865,0.125,shallow,15,2
0.0714285714285714,0.125,shallow,16,2
0.0037878787878786735,0.125,shallow,19,2
0.3571428571428572,0.125,shallow,25,2
0.20588235294117663,0.125,shallow,35,2
0.02063492063492056,0.125,shallow,42,2
0.0714285714285714,0.125,shallow,44,2
0.12773109243697478,0.125,shallow,46,2
0.10526315789473673,0.125,shallow,50,2
0.02631578947368407,0.125,shallow,52,2
0.004901960784313708,0.125,shallow,62,2
0.13446969696969702,0.125,shallow,65,2
0.017786561264822254,0.125,shallow,72,2
-0.012802275960170695,0.125,shallow,78,2
0.026666666666666616,0.125,shallow,95,2
0.28735632183908044,0.125,shallow,102,2
-0.18166666666666664,0.125,shallow,106,2
-0.05555555555555558,0.125,shallow,109,2
0.7802197802197801,0.25,shallow,2,2
0.2720588235294117,0.25,shallow,13,2
0.10964912280701755,0.25,shallow,15,2
0.4917582417582418,0.25,shallow,16,2
0.21969696969696972,0.25,shallow,19,2
0.7142857142857142,0.25,shallow,25,2
0.5588235294117647,0.25,shallow,35,2
0.6936507936507936,0.25,shallow,42,2
-0.1428571428571429,0.25,shallow,44,2
0.1865546218487395,0.25,shallow,46,2
0.3947368421052633,0.25,shallow,50,2
0.07894736842105265,0.25,shallow,52,2
0.3594771241830066,0.25,shallow,62,2
-0.048295454545454586,0.25,shallow,65,2
0.6857707509881421,0.25,shallow,72,2
0.2816500711237553,0.25,shallow,78,2
0.22999999999999998,0.25,shallow,95,2
0.6252873563218391,0.25,shallow,102,2
-0.06000000000000005,0.25,shallow,106,2
-0.06231231231231238,0.25,shallow,109,2
0.9230769230769231,0.5,shallow,2,2
0.3933823529411766,0.5,shallow,13,2
0.371345029239766,0.5,shallow,15,2
0.7829670329670328,0.5,shallow,16,2
0.7007575757575757,0.5,shallow,19,2
1.0,0.5,shallow,25,2
0.8235294117647058,0.5,shallow,35,2
0.9722222222222223,0.5,shallow,42,2
-0.0714285714285714,0.5,shallow,44,2
0.3016806722689076,0.5,shallow,46,2
0.736842105263158,0.5,shallow,50,2
0.23684210526315796,0.5,shallow,52,2
0.7205882352941178,0.5,shallow,62,2
0.28787878787878785,0.5,shallow,65,2
0.7351778656126482,0.5,shallow,72,2
0.5192034139402559,0.5,shallow,78,2
0.39333333333333353,0.5,shallow,95,2
0.9321839080459771,0.5,shallow,102,2
0.2250000000000001,0.5,shallow,106,2
0.18768768768768762,0.5,shallow,109,2
1.0,1.0,shallow,2,2
0.7610294117647058,1.0,shallow,13,2
0.8070175438596492,1.0,shallow,15,2
1.0,1.0,shallow,16,2
1.0,1.0,shallow,19,2
1.0,1.0,shallow,25,2
1.0,1.0,shallow,35,2
1.0,1.0,shallow,42,2
0.2857142857142856,1.0,shallow,44,2
0.7672268907563025,1.0,shallow,46,2
1.0,1.0,shallow,50,2
0.44736842105263164,1.0,shallow,52,2
0.9444444444444444,1.0,shallow,62,2
0.8446969696969697,1.0,shallow,65,2
1.0,1.0,shallow,72,2
1.0,1.0,shallow,78,2
0.7183333333333333,1.0,shallow,95,2
1.0,1.0,shallow,102,2
0.55,1.0,shallow,106,2
0.5930930930930931,1.0,shallow,109,2
