uid,model,seed,cell,truth,metric
cbramod__saccade_p0.9_s_high_a0.5__seed0,cbramod,0,saccade_p0.9_s_high_a0.5,0.21664316534589245,0.844180872813952
cbramod__saccade_p0.9_s_high_a0.5__seed1,cbramod,1,saccade_p0.9_s_high_a0.5,0.20730562057587631,0.9302420812575162
cbramod__saccade_p0.9_s_high_a1.5__seed0,cbramod,0,saccade_p0.9_s_high_a1.5,0.2553470205025523,0.8565279170314928
cbramod__saccade_p0.9_s_high_a1.5__seed1,cbramod,1,saccade_p0.9_s_high_a1.5,0.31401759778899574,0.7489041110424961
cbramod__saccade_p0.9_s_high_a1__seed0,cbramod,0,saccade_p0.9_s_high_a1,0.23759694294819367,0.8415967316476176
cbramod__saccade_p0.9_s_high_a1__seed1,cbramod,1,saccade_p0.9_s_high_a1,0.25453058461885547,0.9579780156706896
cbramod__saccade_p0.9_s_low_a0.5__seed0,cbramod,0,saccade_p0.9_s_low_a0.5,0.29880989311599304,1.4046034955270839
cbramod__saccade_p0.9_s_low_a0.5__seed1,cbramod,1,saccade_p0.9_s_low_a0.5,0.2771482557319722,1.3507353223707168
cbramod__saccade_p0.9_s_low_a1.5__seed0,cbramod,0,saccade_p0.9_s_low_a1.5,0.38204123071716634,0.8039944312173932
cbramod__saccade_p0.9_s_low_a1.5__seed1,cbramod,1,saccade_p0.9_s_low_a1.5,0.3812092839617587,0.8726542819690865
cbramod__saccade_p0.9_s_low_a1__seed0,cbramod,0,saccade_p0.9_s_low_a1,0.3668645477875856,1.1688892052743025
cbramod__saccade_p0.9_s_low_a1__seed1,cbramod,1,saccade_p0.9_s_low_a1,0.3216602273047744,1.11438647721424
cbramod__saccade_p0.9_s_star_a0.5__seed0,cbramod,0,saccade_p0.9_s_star_a0.5,0.25531599875913025,1.2134339675235521
cbramod__saccade_p0.9_s_star_a0.5__seed1,cbramod,1,saccade_p0.9_s_star_a0.5,0.1972291942807186,1.0525030945529057
cbramod__saccade_p0.9_s_star_a1.5__seed0,cbramod,0,saccade_p0.9_s_star_a1.5,0.2988874474745481,0.8292308641800105
cbramod__saccade_p0.9_s_star_a1.5__seed1,cbramod,1,saccade_p0.9_s_star_a1.5,0.27287994585295683,0.9135787020328776
cbramod__saccade_p0.9_s_star_a1__seed0,cbramod,0,saccade_p0.9_s_star_a1,0.2753912969908908,0.9458090700284628
cbramod__saccade_p0.9_s_star_a1__seed1,cbramod,1,saccade_p0.9_s_star_a1,0.2553470205025522,0.7505391727148184
cbramod__saccade_p0.9_s_star_a1__seed2,cbramod,2,saccade_p0.9_s_star_a1,0.24172565498180998,1.0040986241196324
csoanet__saccade_p0.9_s_high_a0.5__seed0,csoanet,0,saccade_p0.9_s_high_a0.5,0.2302645308666348,0.8300691956120941
csoanet__saccade_p0.9_s_high_a0.5__seed1,csoanet,1,saccade_p0.9_s_high_a0.5,0.20829267604839397,0.8521966019314473
csoanet__saccade_p0.9_s_high_a1.5__seed0,csoanet,0,saccade_p0.9_s_high_a1.5,0.3543233029696269,0.8505318401489762
csoanet__saccade_p0.9_s_high_a1.5__seed1,csoanet,1,saccade_p0.9_s_high_a1.5,0.37455370991849746,0.8781619448815421
csoanet__saccade_p0.9_s_high_a1__seed0,csoanet,0,saccade_p0.9_s_high_a1,0.3225231958036041,0.8609954629133232
csoanet__saccade_p0.9_s_high_a1__seed1,csoanet,1,saccade_p0.9_s_high_a1,0.3644462618799176,1.0296249475934498
csoanet__saccade_p0.9_s_low_a0.5__seed0,csoanet,0,saccade_p0.9_s_low_a0.5,0.3056515976197862,1.2737121594476477
csoanet__saccade_p0.9_s_low_a0.5__seed1,csoanet,1,saccade_p0.9_s_low_a0.5,0.2872712146422628,1.3837115238341025
csoanet__saccade_p0.9_s_low_a1.5__seed0,csoanet,0,saccade_p0.9_s_low_a1.5,0.3652471868919034,1.154441615694451
csoanet__saccade_p0.9_s_low_a1.5__seed1,csoanet,1,saccade_p0.9_s_low_a1.5,0.3627358357539694,0.90504555113168
csoanet__saccade_p0.9_s_low_a1__seed0,csoanet,0,saccade_p0.9_s_low_a1,0.382873177472574,1.1272678678919565
csoanet__saccade_p0.9_s_low_a1__seed1,csoanet,1,saccade_p0.9_s_low_a1,0.3694379424123636,1.148951327372633
csoanet__saccade_p0.9_s_star_a0.5__seed0,csoanet,0,saccade_p0.9_s_star_a0.5,0.2696452240615922,0.947726697221574
csoanet__saccade_p0.9_s_star_a0.5__seed1,csoanet,1,saccade_p0.9_s_star_a0.5,0.2259807101159086,0.7872894341662295
csoanet__saccade_p0.9_s_star_a1.5__seed0,csoanet,0,saccade_p0.9_s_star_a1.5,0.3693758989255196,0.9581857057258104
csoanet__saccade_p0.9_s_star_a1.5__seed1,csoanet,1,saccade_p0.9_s_star_a1.5,0.3719958261654305,0.9194817090017238
csoanet__saccade_p0.9_s_star_a1__seed0,csoanet,0,saccade_p0.9_s_star_a1,0.3408880679094166,0.9141540808778973
csoanet__saccade_p0.9_s_star_a1__seed1,csoanet,1,saccade_p0.9_s_star_a1,0.3559561747370201,1.028503803373376
csoanet__saccade_p0.9_s_star_a1__seed2,csoanet,2,saccade_p0.9_s_star_a1,0.3460193462872614,0.9437580810530793
eegnet__saccade_p0.9_s_high_a0.5__seed0,eegnet,0,saccade_p0.9_s_high_a0.5,0.33169012098479933,1.330537711235648
eegnet__saccade_p0.9_s_high_a0.5__seed1,eegnet,1,saccade_p0.9_s_high_a0.5,0.2275515383964578,0.9508475150268468
eegnet__saccade_p0.9_s_high_a1.5__seed0,eegnet,0,saccade_p0.9_s_high_a1.5,0.3770495501847204,1.132875851330802
eegnet__saccade_p0.9_s_high_a1.5__seed1,eegnet,1,saccade_p0.9_s_high_a1.5,0.38119377309004765,0.8801491647500604
eegnet__saccade_p0.9_s_high_a1__seed0,eegnet,0,saccade_p0.9_s_high_a1,0.37455370991849735,1.1476838195123782
eegnet__saccade_p0.9_s_high_a1__seed1,eegnet,1,saccade_p0.9_s_high_a1,0.3694224315406527,1.0593346127791445
eegnet__saccade_p0.9_s_low_a0.5__seed0,eegnet,0,saccade_p0.9_s_low_a0.5,0.3475436419526776,1.4202988609786558
eegnet__saccade_p0.9_s_low_a0.5__seed1,eegnet,1,saccade_p0.9_s_low_a0.5,0.32243013057333814,1.395626508926667
eegnet__saccade_p0.9_s_low_a1.5__seed0,eegnet,0,saccade_p0.9_s_low_a1.5,0.39464451902196895,1.1763602070998802
eegnet__saccade_p0.9_s_low_a1.5__seed1,eegnet,1,saccade_p0.9_s_low_a1.5,0.3845370709833893,0.8917905734307965
eegnet__saccade_p0.9_s_low_a1__seed0,eegnet,0,saccade_p0.9_s_low_a1,0.38878986999069354,1.1932412210062395
eegnet__saccade_p0.9_s_low_a1__seed1,eegnet,1,saccade_p0.9_s_low_a1,0.36356778250937705,1.1564544255528293
eegnet__saccade_p0.9_s_star_a0.5__seed0,eegnet,0,saccade_p0.9_s_star_a0.5,0.3274528328492061,1.451714903736359
eegnet__saccade_p0.9_s_star_a0.5__seed1,eegnet,1,saccade_p0.9_s_star_a0.5,0.3131856510335881,1.0726246665776302
eegnet__saccade_p0.9_s_star_a1.5__seed0,eegnet,0,saccade_p0.9_s_star_a1.5,0.3694844750274965,1.0273936846399232
eegnet__saccade_p0.9_s_star_a1.5__seed1,eegnet,1,saccade_p0.9_s_star_a1.5,0.36774302715812623,0.9655787744494888
eegnet__saccade_p0.9_s_star_a1__seed0,eegnet,0,saccade_p0.9_s_star_a1,0.3778349643249951,0.9458900002961741
eegnet__saccade_p0.9_s_star_a1__seed1,eegnet,1,saccade_p0.9_s_star_a1,0.3282847796046138,0.993627989771651
eegnet__saccade_p0.9_s_star_a1__seed2,eegnet,2,saccade_p0.9_s_star_a1,0.36034857158972344,1.2182077289737772
shallow__saccade_p0.9_s_high_a0.5__seed0,shallow,0,saccade_p0.9_s_high_a0.5,0.11997659268450889,0.6619504900490094
shallow__saccade_p0.9_s_high_a0.5__seed1,shallow,1,saccade_p0.9_s_high_a0.5,0.12119631123269126,0.6630041112349925
shallow__saccade_p0.9_s_high_a1.5__seed0,shallow,0,saccade_p0.9_s_high_a1.5,0.22799571335909086,0.8899931491830969
shallow__saccade_p0.9_s_high_a1.5__seed1,shallow,1,saccade_p0.9_s_high_a1.5,0.27801122423080193,0.9642941674139837
shallow__saccade_p0.9_s_high_a1__seed0,shallow,0,saccade_p0.9_s_high_a1,0.21226627936490017,0.8926771054955978
shallow__saccade_p0.9_s_high_a1__seed1,shallow,1,saccade_p0.9_s_high_a1,0.22436334922022616,0.8581614570253872
shallow__saccade_p0.9_s_low_a0.5__seed0,shallow,0,saccade_p0.9_s_low_a0.5,0.1955032572830594,1.3378536430332428
shallow__saccade_p0.9_s_low_a0.5__seed1,shallow,1,saccade_p0.9_s_low_a0.5,0.21351701965650471,1.1639047180403739
shallow__saccade_p0.9_s_low_a1.5__seed0,shallow,0,saccade_p0.9_s_low_a1.5,0.3434459516624835,1.2051808717448063
shallow__saccade_p0.9_s_low_a1.5__seed1,shallow,1,saccade_p0.9_s_low_a1.5,0.35429228122620504,1.036048926393246
shallow__saccade_p0.9_s_low_a1__seed0,shallow,0,saccade_p0.9_s_low_a1,0.29563721481147254,1.1554043282910225
shallow__saccade_p0.9_s_low_a1__seed1,shallow,1,saccade_p0.9_s_low_a1,0.2713556501875406,1.0819767350058584
shallow__saccade_p0.9_s_star_a0.5__seed0,shallow,0,saccade_p0.9_s_star_a0.5,0.09327674215290904,0.600530534559274
shallow__saccade_p0.9_s_star_a0.5__seed1,shallow,1,saccade_p0.9_s_star_a0.5,0.11303195239572461,0.645349455555006
shallow__saccade_p0.9_s_star_a1.5__seed0,shallow,0,saccade_p0.9_s_star_a1.5,0.27707070137341716,0.7934135041187105
shallow__saccade_p0.9_s_star_a1.5__seed1,shallow,1,saccade_p0.9_s_star_a1.5,0.2772413209622381,0.9397069568275266
shallow__saccade_p0.9_s_star_a1__seed0,shallow,0,saccade_p0.9_s_star_a1,0.2402478919315265,0.8757898367523653
shallow__saccade_p0.9_s_star_a1__seed1,shallow,1,saccade_p0.9_s_star_a1,0.24202036154431883,0.8603296731362123
shallow__saccade_p0.9_s_star_a1__seed2,shallow,2,saccade_p0.9_s_star_a1,0.24459375616909673,1.125023806133956
