model,fold,seed,ba,ba_counts,sri_post,sri_central,heog_reg,ig_alpha_share,ig_alpha_norm_abs,ig_saccade_share,ig_saccade_norm_abs,alpha_erasure_keep,alpha_probe_D,best_val_ba,epochs
cbramod,0,0,0.8367912344290297,0.8367912344290297,-2.083072949210507e-05,0.0,0.07774028246469189,0.05981631204485893,0.370103422347567,0.11840999871492386,0.7326420267057175,0.0,0.23460410557184752,0.8945578231292517,26
cbramod,0,1,0.8352185143523727,0.8352185143523727,0.001301920593259176,1.0415364746219069e-05,0.06473149189684624,0.032801009714603424,0.20034874593012447,0.14169816672801971,0.8654931868394568,-0.00132275132275117,0.4820960024695169,0.8741496598639455,11
cbramod,0,2,0.8250114569012207,0.8250114569012207,0.0,0.0,0.0711994334041578,0.013340183533728123,0.056576922853328625,0.17559297382831573,0.7447056151585015,2.083072949210507e-05,0.42738076863713537,0.8809523809523809,9
cbramod,1,0,0.7883597883597884,0.7883597883597884,0.006613756613756627,0.0,0.08201058201058209,0.04439281299710274,0.4228258252986026,0.0948144942522049,0.9030744658901226,0.001322751322751392,0.3849206349206349,0.9047619047619048,16
cbramod,1,1,0.7962962962962963,0.7962962962962963,-0.006613756613756627,0.0,0.07671957671957674,0.0186004675924778,0.12798904442780668,0.1474819928407669,1.0148174068864686,0.0,0.7400793650793651,0.9217687074829932,10
cbramod,1,2,0.7883597883597884,0.7883597883597884,-0.003968253968253954,-0.011904761904761973,0.06746031746031744,0.05517853796482086,0.4850640325476109,0.10350488126277924,0.9098918002375687,-0.001322751322751392,0.26190476190476186,0.9183673469387755,24
cbramod,2,0,0.8531746031746031,0.8531746031746031,0.003968253968253954,-0.002645502645502673,0.06481481481481477,0.05694681033492088,0.4753146726903661,0.09480411559343338,0.7912960997283939,0.0,0.3900348952013446,0.8877551020408163,21
cbramod,2,1,0.8571428571428572,0.8571428571428572,0.006613756613756627,0.0,0.06878306878306883,0.055555056780576706,0.5099395784782929,0.08419425040483475,0.7728186024443283,0.002645502645502784,0.5825388331587318,0.891156462585034,11
cbramod,2,2,0.8240740740740741,0.8240740740740741,-0.003968253968253954,0.001322751322751281,0.059523809523809534,0.025812607258558273,0.11803869637854318,0.14276079833507538,0.6528320847203127,0.001322751322751281,0.5633577775600491,0.8775510204081632,9
cbramod,3,0,0.8353180113873073,0.8353180113873073,-0.001326204693792521,-0.00395084016108882,0.05003818914039715,0.054737478494644165,0.45074588700539514,0.10576905310153961,0.8709749045916759,-0.001315789473684159,0.48387741505662896,0.9217687074829932,16
cbramod,3,1,0.8682335786696291,0.8682335786696291,0.0026142202471879372,0.010557561449798691,0.05006249132064977,0.04968562349677086,0.350869782687445,0.11245151609182358,0.7941097646479577,1.3886960144371407e-05,0.7240950477459471,0.9319727891156462,10
cbramod,3,2,0.8485522844049438,0.8485522844049438,0.011855992223302358,-0.005266629634772868,0.06583807804471609,0.04940473660826683,0.3210635147507563,0.11070530116558075,0.7194336824706418,-0.001315789473684159,0.7206084832333999,0.9047619047619048,11
cbramod,4,0,0.8452380952380952,0.8452380952380952,-0.003968253968254065,0.006613756613756516,0.031746031746031744,0.05887658894062042,0.46025179014735157,0.10325943678617477,0.8072026736082765,0.002645502645502673,0.4513502608294666,0.8843537414965987,15
cbramod,4,1,0.8452380952380952,0.8452380952380952,0.0,0.001322751322751281,0.041005291005291045,0.04150493070483208,0.2806262311199951,0.14985930919647217,1.0132399395415568,0.002645502645502673,0.5742859613223046,0.8673469387755102,11
cbramod,4,2,0.8492063492063493,0.8492063492063493,0.0,0.001322751322751281,0.0277777777777779,0.07037816196680069,0.6254720007295369,0.10809551179409027,0.9606775214064033,0.0,0.4578061503876416,0.8911564625850341,18
csoanet,0,0,0.8064096154647336,0.8064096154647336,-0.001312335958005173,-0.001312335958005395,0.0633150022913802,0.0036678819451481104,0.012081386019373712,0.23354414105415344,0.7692551423184891,-0.003947423238761849,0.4880382775119618,0.8333333333333333,11
csoanet,0,1,0.8064408615589718,0.8064408615589718,-0.007863600383285485,-0.00522851310252892,0.06069033037536975,0.011785550974309444,0.04804477109050561,0.19376948475837708,0.789917286890912,-0.003937007874015741,0.45886710912177797,0.8299319727891157,18
csoanet,0,2,0.7958484356122151,0.7958484356122151,0.0,-0.002635087280756565,0.0763862850477024,0.005149079021066427,0.020173132363156654,0.16477108001708984,0.6455423883329636,-0.006530433695788096,0.4797808303750579,0.8401360544217686,9
csoanet,1,0,0.7645502645502645,0.7645502645502645,0.001322751322751392,0.002645502645502673,0.04894179894179895,0.015470496378839016,0.07705975968537063,0.2226240038871765,1.1089076536632876,0.007936507936507908,0.7400793650793651,0.8741496598639455,18
csoanet,1,1,0.7579365079365079,0.7579365079365079,0.001322751322751392,-0.002645502645502784,0.07010582010582012,0.004141094628721476,0.019702800928981728,0.22556599974632263,1.0732143293853904,0.002645502645502562,0.6865079365079365,0.8741496598639455,17
csoanet,1,2,0.7526455026455027,0.7526455026455027,0.0,0.0,0.042328042328042326,0.0042157284915447235,0.01505420949754248,0.24981217086315155,0.892069991713918,1.1102230246251565e-16,0.7440476190476191,0.8741496598639455,13
csoanet,2,0,0.8201058201058201,0.8201058201058201,0.0,0.0,0.060846560846560815,0.004201091825962067,0.01309274917741948,0.2140645682811737,0.6671345942612218,0.002645502645502673,0.3902082406939851,0.8809523809523809,11
csoanet,2,1,0.8227513227513228,0.8227513227513228,0.0,0.002645502645502673,0.07275132275132279,0.013540017418563366,0.05961504948593519,0.20815205574035645,0.9164681607980117,0.003968253968253954,0.5212122125667946,0.8979591836734694,19
csoanet,2,2,0.8253968253968254,0.8253968253968254,0.0,0.0,0.07407407407407396,0.004560524132102728,0.01585356395608805,0.21269935369491577,0.7393981401709527,0.0092592592592593,0.3313159937595622,0.8809523809523809,11
csoanet,3,0,0.8445806138036384,0.8445806138036384,0.0,0.0,0.06320302735731154,0.003978432156145573,0.015223612590401293,0.2512846291065216,0.9615495827118222,0.0013123177336480385,0.6476349100599601,0.891156462585034,18
csoanet,3,1,0.8393035689487571,0.8393035689487571,0.0013192612137202797,0.0,0.06321344257741979,0.004389848094433546,0.01259182434402188,0.236156165599823,0.6773895439968026,0.0,0.6743060182100822,0.8843537414965986,10
csoanet,3,2,0.8445528398833495,0.8445528398833495,0.0013192612137202797,0.0,0.04346965699208449,0.004225113429129124,0.01466788838886548,0.22654440999031067,0.7864707452289689,0.00264199416747668,0.6272707084166111,0.8979591836734694,14
csoanet,4,0,0.8386243386243386,0.8386243386243386,-0.001322751322751392,0.0,0.025132275132275117,0.005246399436146021,0.01670130059903959,0.24538038671016693,0.7811398005540102,0.0,0.5709427328011067,0.846938775510204,15
csoanet,4,1,0.8148148148148149,0.8148148148148149,-0.002645502645502562,0.0,0.02645502645502651,0.006880190689116716,0.021822336385957035,0.2009088695049286,0.6372353863601202,0.001322751322751392,0.6322016312649508,0.8367346938775511,9
csoanet,4,2,0.8240740740740741,0.8240740740740741,-0.001322751322751281,0.0,0.033068783068783025,0.0063590011559426785,0.02109396856395339,0.18630826473236084,0.6180185651014697,0.006613756613756627,0.5646597688560973,0.8401360544217686,9
eegnet,0,0,0.8301358163562889,0.8301358163562889,-0.001312335958005284,0.0,0.0712098487689039,0.005369981750845909,0.01875235902671447,0.1944938749074936,0.679186448664627,0.006592925884264522,0.4901991048001235,0.8367346938775511,14
eegnet,0,1,0.798379369245511,0.798379369245511,-0.001312335958005173,0.002624671916010568,0.06205474315710546,0.006708377506583929,0.024363746573472407,0.1563313901424408,0.5677704814024096,-0.006582510519518303,0.46511807377681746,0.8265306122448979,9
eegnet,0,2,0.8115652210140398,0.8115652210140398,0.0,0.0,0.05664916885389315,0.007293935399502516,0.02484400547006457,0.1800280511379242,0.6131968282329329,0.001333166687497389,0.5146627565982405,0.846938775510204,10
eegnet,1,0,0.7592592592592593,0.7592592592592593,-0.001322751322751281,0.0,0.04629629629629628,0.005063389893621206,0.03099860697623664,0.19101494550704956,1.169413768757073,-0.003968253968253954,0.6845238095238095,0.8843537414965986,33
eegnet,1,1,0.7526455026455026,0.7526455026455026,0.0,0.0,0.06746031746031744,0.006181112490594387,0.023953164877359108,0.19060850143432617,0.7386497126667894,0.0,0.751984126984127,0.8673469387755102,10
eegnet,1,2,0.7592592592592593,0.7592592592592593,-0.001322751322751281,-0.001322751322751281,0.039682539682539764,0.0032188270706683397,0.013363225801097474,0.23188328742980957,0.9626825528982783,0.0,0.6607142857142856,0.8877551020408163,19
eegnet,2,0,0.8214285714285714,0.8214285714285714,-0.001322751322751392,-0.001322751322751392,0.07407407407407396,0.004308759234845638,0.01741904606656772,0.20878097414970398,0.8440400553913192,-0.002645502645502673,0.36824612045250715,0.891156462585034,18
eegnet,2,1,0.8267195767195767,0.8267195767195767,-0.001322751322751392,0.0,0.07275132275132279,0.008102701045572758,0.02671278905255248,0.20543654263019562,0.677278240013827,-0.003968253968253954,0.4445332107353617,0.8775510204081632,11
eegnet,2,2,0.8253968253968254,0.8253968253968254,0.0,0.001322751322751281,0.07671957671957674,0.004187954124063253,0.015478154561980281,0.22835113108158112,0.843957153478935,-0.001322751322751392,0.3891229471748454,0.9013605442176871,18
eegnet,3,0,0.8471774753506457,0.8471774753506457,0.001315789473684159,0.0,0.04741355367310096,0.005067290272563696,0.016580385802416796,0.22790411114692688,0.7457117897401208,0.0013192612137202797,0.6223628691983123,0.8945578231292517,13
eegnet,3,1,0.8300860991528954,0.8300860991528954,-0.0013157894736842701,-0.0013157894736842701,0.059248715456186596,0.00433953944593668,0.01870970081911518,0.19685879349708557,0.8487464375485235,-0.0013192612137203907,0.656029313790806,0.8809523809523809,24
eegnet,3,2,0.8406228301624774,0.8406228301624774,0.001315789473684159,0.0,0.07374323010692962,0.005469832569360733,0.01663579245586921,0.2303008884191513,0.7004305707724104,-0.007884321621997037,0.6518321119253829,0.8843537414965986,12
eegnet,4,0,0.8346560846560847,0.8346560846560847,-0.001322751322751392,0.0,0.02645502645502651,0.00528803700581193,0.01583213255859067,0.22573639452457428,0.675844086301871,-0.001322751322751392,0.5410266017234919,0.8333333333333334,12
eegnet,4,1,0.8253968253968254,0.8253968253968254,0.0,0.001322751322751281,0.03174603174603163,0.009367089718580246,0.03169186944072977,0.17236913740634918,0.5831801595552778,0.01719576719576721,0.5664178459232787,0.8503401360544218,9
eegnet,4,2,0.8333333333333333,0.8333333333333333,0.0,0.0,0.021164021164021052,0.004698570352047682,0.013798100684158689,0.2551116943359375,0.7491761125694805,0.001322751322751281,0.49158428682595057,0.8639455782312926,13
shallow,0,0,0.8209911261092364,0.8209911261092364,0.009238428529767195,0.006572095154772306,0.07382410532016837,0.04580001160502434,0.2707775018906685,0.09180635958909988,0.5427749089157727,0.011863100445777652,0.5938416422287389,0.8537414965986394,22
shallow,0,1,0.816981210681998,0.816981210681998,0.00669707953172527,0.003978669332999951,0.047421155688872174,0.033813077956438065,0.23133753278237576,0.09732840955257416,0.665887719903004,-0.003968253968254065,0.6529557030405928,0.8435374149659864,30
shallow,0,2,0.7985772611756863,0.7985772611756863,0.0040724076157147016,0.005301420655751343,0.05403491230262869,0.0491824746131897,0.33710645425822766,0.09551623463630676,0.6546872455984777,-0.005259759196767133,0.5902917116839017,0.8231292517006803,18
shallow,1,0,0.7883597883597884,0.7883597883597884,0.001322751322751392,0.003968253968253954,0.04629629629629628,0.03755832463502884,0.3423141904829333,0.09047018736600876,0.8245636174903027,0.0,0.7797619047619047,0.8809523809523809,50
shallow,1,1,0.7817460317460317,0.7817460317460317,0.006613756613756627,0.0,0.05423280423280419,0.05055493861436844,0.38988186679526493,0.09299933165311813,0.7172148516759443,0.002645502645502673,0.8134920634920635,0.8605442176870748,19
shallow,1,2,0.7658730158730158,0.7658730158730158,-0.003968253968253954,0.005291005291005235,0.03571428571428559,0.0438423827290535,0.3244972065877286,0.1066962406039238,0.7897069782159978,-0.0092592592592593,0.8214285714285714,0.870748299319728,27
shallow,2,0,0.7896825396825398,0.7896825396825398,0.0092592592592593,-0.001322751322751281,0.05423280423280441,0.05731973797082901,0.38145186088257704,0.10516417771577835,0.6998474012264907,-0.001322751322751281,0.8809116465560773,0.8639455782312925,15
shallow,2,1,0.7711640211640212,0.7711640211640212,-0.0092592592592593,0.005291005291005346,0.02910052910052907,0.05849907547235489,0.3524161280326545,0.10240814834833145,0.6169376858250291,-0.005291005291005346,0.8621225025059729,0.8673469387755102,15
shallow,2,2,0.7764550264550265,0.7764550264550265,1.1102230246251565e-16,-0.005291005291005235,0.03571428571428581,0.0592353418469429,0.3976086138423833,0.10148217529058456,0.6811843605759594,-0.007936507936507908,0.884348409366686,0.8537414965986394,14
shallow,3,0,0.8260901263713374,0.8260901263713374,-0.002624635467296188,0.00790168032217764,0.042153867518400334,0.05680873245000839,0.2928345687411607,0.13232852518558502,0.682119892610455,-0.003975142341341442,0.8925383077948035,0.8639455782312926,15
shallow,3,1,0.857724621580336,0.857724621580336,-0.006554645188168284,0.003947368421052699,0.06191501180391612,0.0396529957652092,0.26135224227767034,0.11276061087846756,0.7432033664067974,0.009200111095681196,0.8623806351321341,0.8809523809523809,23
shallow,3,2,0.8471462296903207,0.8471462296903207,-0.005242327454520135,0.0013123177336481495,0.048760588807110095,0.045394182205200195,0.2857330278999763,0.10998532921075821,0.6923010617251099,0.005245799194556255,0.7998667554963359,0.8945578231292517,28
shallow,4,0,0.8465608465608465,0.8465608465608465,-0.003968253968253954,0.002645502645502562,0.022486772486772444,0.05237431079149246,0.3347824756785188,0.1150263249874115,0.7352611832645987,0.0,0.7634233507219643,0.7959183673469388,18
shallow,4,1,0.8373015873015872,0.8373015873015872,0.00793650793650802,-0.001322751322751281,0.014550264550264425,0.0642174556851387,0.34772126364571804,0.11427459865808487,0.6187680467983607,0.006613756613756516,0.7510159379773467,0.7959183673469388,12
shallow,4,2,0.8544973544973544,0.8544973544973544,0.006613756613756516,0.010582010582010581,0.01719576719576721,0.050388701260089874,0.31771782723615477,0.11502593010663986,0.7252775315125702,0.00925925925925919,0.770124218232124,0.8095238095238095,19
