subject,trial,run,type,label,correct,model,seed,fold,arm
2,0,4,incongruent,0,1,shallow,0,0,ica_eye
2,1,4,congruent,1,1,shallow,0,0,ica_eye
2,2,4,congruent,0,1,shallow,0,0,ica_eye
2,3,4,none,1,1,shallow,0,0,ica_eye
2,4,4,congruent,0,1,shallow,0,0,ica_eye
2,5,4,incongruent,1,1,shallow,0,0,ica_eye
2,6,4,congruent,1,0,shallow,0,0,ica_eye
2,7,4,congruent,0,1,shallow,0,0,ica_eye
2,8,4,congruent,1,1,shallow,0,0,ica_eye
2,9,4,congruent,0,1,shallow,0,0,ica_eye
2,10,4,incongruent,1,1,shallow,0,0,ica_eye
2,11,4,congruent,0,1,shallow,0,0,ica_eye
2,12,4,none,1,1,shallow,0,0,ica_eye
2,13,4,none,0,1,shallow,0,0,ica_eye
2,14,8,congruent,0,1,shallow,0,0,ica_eye
2,15,8,congruent,1,1,shallow,0,0,ica_eye
2,16,8,congruent,1,1,shallow,0,0,ica_eye
2,17,8,congruent,0,1,shallow,0,0,ica_eye
2,18,8,none,1,1,shallow,0,0,ica_eye
2,19,8,none,0,1,shallow,0,0,ica_eye
2,20,8,none,1,1,shallow,0,0,ica_eye
2,21,8,congruent,0,1,shallow,0,0,ica_eye
2,22,8,none,1,1,shallow,0,0,ica_eye
2,23,8,none,0,1,shallow,0,0,ica_eye
2,24,8,congruent,1,1,shallow,0,0,ica_eye
2,25,8,congruent,0,1,shallow,0,0,ica_eye
2,26,8,congruent,0,1,shallow,0,0,ica_eye
2,27,8,none,1,0,shallow,0,0,ica_eye
2,28,12,congruent,0,1,shallow,0,0,ica_eye
2,29,12,none,1,1,shallow,0,0,ica_eye
2,30,12,congruent,1,0,shallow,0,0,ica_eye
2,31,12,congruent,0,1,shallow,0,0,ica_eye
2,32,12,none,1,1,shallow,0,0,ica_eye
2,33,12,none,0,1,shallow,0,0,ica_eye
2,34,12,congruent,0,1,shallow,0,0,ica_eye
2,35,12,none,1,0,shallow,0,0,ica_eye
2,36,12,congruent,1,0,shallow,0,0,ica_eye
2,37,12,congruent,0,1,shallow,0,0,ica_eye
2,38,12,none,1,0,shallow,0,0,ica_eye
2,39,12,congruent,0,1,shallow,0,0,ica_eye
2,40,12,congruent,0,1,shallow,0,0,ica_eye
2,41,12,congruent,1,1,shallow,0,0,ica_eye
3,0,4,none,1,1,shallow,0,0,ica_eye
3,1,4,none,0,0,shallow,0,0,ica_eye
3,2,4,congruent,1,1,shallow,0,0,ica_eye
3,3,4,congruent,0,1,shallow,0,0,ica_eye
3,4,4,none,1,1,shallow,0,0,ica_eye
3,5,4,incongruent,0,0,shallow,0,0,ica_eye
3,6,4,congruent,0,1,shallow,0,0,ica_eye
3,7,4,congruent,1,1,shallow,0,0,ica_eye
3,8,4,congruent,0,1,shallow,0,0,ica_eye
3,9,4,congruent,1,0,shallow,0,0,ica_eye
3,10,4,congruent,0,0,shallow,0,0,ica_eye
3,11,4,none,1,1,shallow,0,0,ica_eye
3,12,4,none,1,0,shallow,0,0,ica_eye
3,13,4,none,0,0,shallow,0,0,ica_eye
3,14,8,none,0,1,shallow,0,0,ica_eye
3,15,8,none,1,0,shallow,0,0,ica_eye
3,16,8,none,0,1,shallow,0,0,ica_eye
3,17,8,none,1,1,shallow,0,0,ica_eye
3,18,8,congruent,1,1,shallow,0,0,ica_eye
3,19,8,none,0,1,shallow,0,0,ica_eye
3,20,8,incongruent,0,1,shallow,0,0,ica_eye
3,21,8,congruent,1,0,shallow,0,0,ica_eye
3,22,8,none,1,0,shallow,0,0,ica_eye
3,23,8,none,0,1,shallow,0,0,ica_eye
3,24,8,congruent,0,1,shallow,0,0,ica_eye
3,25,8,congruent,1,1,shallow,0,0,ica_eye
3,26,8,none,1,0,shallow,0,0,ica_eye
3,27,8,incongruent,0,1,shallow,0,0,ica_eye
3,28,12,congruent,1,1,shallow,0,0,ica_eye
3,29,12,incongruent,0,1,shallow,0,0,ica_eye
3,30,12,congruent,1,1,shallow,0,0,ica_eye
3,31,12,none,0,0,shallow,0,0,ica_eye
3,32,12,congruent,0,0,shallow,0,0,ica_eye
3,33,12,congruent,1,1,shallow,0,0,ica_eye
3,34,12,none,0,1,shallow,0,0,ica_eye
3,35,12,congruent,1,1,shallow,0,0,ica_eye
3,36,12,congruent,1,1,shallow,0,0,ica_eye
3,37,12,none,0,0,shallow,0,0,ica_eye
3,38,12,incongruent,0,1,shallow,0,0,ica_eye
3,39,12,none,1,1,shallow,0,0,ica_eye
3,40,12,none,0,1,shallow,0,0,ica_eye
3,41,12,congruent,1,1,shallow,0,0,ica_eye
15,0,4,congruent,0,0,shallow,0,0,ica_eye
15,1,4,congruent,1,0,shallow,0,0,ica_eye
15,2,4,congruent,0,0,shallow,0,0,ica_eye
15,3,4,congruent,1,1,shallow,0,0,ica_eye
15,4,4,congruent,1,1,shallow,0,0,ica_eye
15,5,4,none,0,1,shallow,0,0,ica_eye
15,6,4,none,0,0,shallow,0,0,ica_eye
15,7,4,congruent,1,1,shallow,0,0,ica_eye
15,8,4,congruent,0,0,shallow,0,0,ica_eye
15,9,4,none,1,1,shallow,0,0,ica_eye
15,10,4,congruent,1,1,shallow,0,0,ica_eye
15,11,4,none,0,0,shallow,0,0,ica_eye
15,12,4,congruent,1,1,shallow,0,0,ica_eye
15,13,4,congruent,0,1,shallow,0,0,ica_eye
15,14,8,congruent,1,1,shallow,0,0,ica_eye
15,15,8,congruent,0,1,shallow,0,0,ica_eye
15,16,8,congruent,1,1,shallow,0,0,ica_eye
15,17,8,none,0,1,shallow,0,0,ica_eye
15,18,8,congruent,0,0,shallow,0,0,ica_eye
15,19,8,none,1,1,shallow,0,0,ica_eye
15,20,8,none,1,1,shallow,0,0,ica_eye
15,21,8,congruent,0,1,shallow,0,0,ica_eye
15,22,8,congruent,1,1,shallow,0,0,ica_eye
15,23,8,none,0,1,shallow,0,0,ica_eye
15,24,8,congruent,0,1,shallow,0,0,ica_eye
15,25,8,none,1,1,shallow,0,0,ica_eye
15,26,8,none,0,0,shallow,0,0,ica_eye
15,27,8,congruent,1,1,shallow,0,0,ica_eye
15,28,12,congruent,1,1,shallow,0,0,ica_eye
15,29,12,congruent,0,1,shallow,0,0,ica_eye
15,30,12,congruent,1,1,shallow,0,0,ica_eye
15,31,12,congruent,0,1,shallow,0,0,ica_eye
15,32,12,none,0,1,shallow,0,0,ica_eye
15,33,12,congruent,1,1,shallow,0,0,ica_eye
15,34,12,congruent,1,1,shallow,0,0,ica_eye
15,35,12,congruent,0,1,shallow,0,0,ica_eye
15,36,12,congruent,1,1,shallow,0,0,ica_eye
15,37,12,none,0,1,shallow,0,0,ica_eye
15,38,12,congruent,0,1,shallow,0,0,ica_eye
15,39,12,congruent,1,1,shallow,0,0,ica_eye
15,40,12,congruent,0,0,shallow,0,0,ica_eye
15,41,12,congruent,1,1,shallow,0,0,ica_eye
19,0,4,none,1,1,shallow,0,0,ica_eye
19,1,4,congruent,0,1,shallow,0,0,ica_eye
19,2,4,congruent,0,1,shallow,0,0,ica_eye
19,3,4,none,1,1,shallow,0,0,ica_eye
19,4,4,congruent,0,1,shallow,0,0,ica_eye
19,5,4,none,1,1,shallow,0,0,ica_eye
19,6,4,none,1,1,shallow,0,0,ica_eye
19,7,4,none,0,1,shallow,0,0,ica_eye
19,8,4,none,1,1,shallow,0,0,ica_eye
19,9,4,none,0,1,shallow,0,0,ica_eye
19,10,4,none,1,1,shallow,0,0,ica_eye
19,11,4,none,0,1,shallow,0,0,ica_eye
19,12,4,none,1,1,shallow,0,0,ica_eye
19,13,4,congruent,0,1,shallow,0,0,ica_eye
19,14,8,none,1,1,shallow,0,0,ica_eye
19,15,8,congruent,0,0,shallow,0,0,ica_eye
19,16,8,none,1,1,shallow,0,0,ica_eye
19,17,8,none,0,1,shallow,0,0,ica_eye
19,18,8,none,0,1,shallow,0,0,ica_eye
19,19,8,congruent,1,1,shallow,0,0,ica_eye
19,20,8,none,1,1,shallow,0,0,ica_eye
19,21,8,none,0,1,shallow,0,0,ica_eye
19,22,8,none,1,1,shallow,0,0,ica_eye
19,23,8,none,0,1,shallow,0,0,ica_eye
19,24,8,congruent,0,1,shallow,0,0,ica_eye
19,25,8,none,1,1,shallow,0,0,ica_eye
19,26,8,none,0,1,shallow,0,0,ica_eye
19,27,8,none,1,1,shallow,0,0,ica_eye
19,28,12,congruent,0,0,shallow,0,0,ica_eye
19,29,12,none,1,1,shallow,0,0,ica_eye
19,30,12,none,0,1,shallow,0,0,ica_eye
19,31,12,none,1,1,shallow,0,0,ica_eye
19,32,12,congruent,1,1,shallow,0,0,ica_eye
19,33,12,none,0,0,shallow,0,0,ica_eye
19,34,12,none,1,1,shallow,0,0,ica_eye
19,35,12,none,0,1,shallow,0,0,ica_eye
19,36,12,none,1,1,shallow,0,0,ica_eye
19,37,12,congruent,0,1,shallow,0,0,ica_eye
19,38,12,none,0,1,shallow,0,0,ica_eye
19,39,12,none,1,0,shallow,0,0,ica_eye
19,40,12,none,0,1,shallow,0,0,ica_eye
19,41,12,none,1,1,shallow,0,0,ica_eye
23,0,4,congruent,1,0,shallow,0,0,ica_eye
23,1,4,incongruent,0,0,shallow,0,0,ica_eye
23,2,4,congruent,1,1,shallow,0,0,ica_eye
23,3,4,none,0,1,shallow,0,0,ica_eye
23,4,4,congruent,0,1,shallow,0,0,ica_eye
23,5,4,congruent,1,1,shallow,0,0,ica_eye
23,6,4,none,0,1,shallow,0,0,ica_eye
23,7,4,none,1,0,shallow,0,0,ica_eye
23,8,4,none,0,0,shallow,0,0,ica_eye
23,9,4,none,1,1,shallow,0,0,ica_eye
23,10,4,none,0,0,shallow,0,0,ica_eye
23,11,4,none,1,1,shallow,0,0,ica_eye
23,12,4,congruent,0,0,shallow,0,0,ica_eye
23,13,4,none,1,1,shallow,0,0,ica_eye
23,14,8,none,0,0,shallow,0,0,ica_eye
23,15,8,congruent,1,1,shallow,0,0,ica_eye
23,16,8,incongruent,0,0,shallow,0,0,ica_eye
23,17,8,congruent,1,1,shallow,0,0,ica_eye
23,18,8,none,1,1,shallow,0,0,ica_eye
23,19,8,incongruent,0,0,shallow,0,0,ica_eye
23,20,8,none,0,1,shallow,0,0,ica_eye
23,21,8,congruent,1,1,shallow,0,0,ica_eye
23,22,8,congruent,1,0,shallow,0,0,ica_eye
23,23,8,none,0,0,shallow,0,0,ica_eye
23,24,8,congruent,1,1,shallow,0,0,ica_eye
23,25,8,incongruent,0,1,shallow,0,0,ica_eye
23,26,8,none,1,1,shallow,0,0,ica_eye
23,27,8,none,0,1,shallow,0,0,ica_eye
23,28,12,incongruent,0,0,shallow,0,0,ica_eye
23,29,12,congruent,1,0,shallow,0,0,ica_eye
23,30,12,none,0,1,shallow,0,0,ica_eye
23,31,12,none,1,1,shallow,0,0,ica_eye
23,32,12,none,0,0,shallow,0,0,ica_eye
23,33,12,none,1,1,shallow,0,0,ica_eye
23,34,12,none,0,0,shallow,0,0,ica_eye
23,35,12,congruent,1,1,shallow,0,0,ica_eye
23,36,12,congruent,0,1,shallow,0,0,ica_eye
23,37,12,none,1,1,shallow,0,0,ica_eye
23,38,12,none,0,1,shallow,0,0,ica_eye
23,39,12,none,1,0,shallow,0,0,ica_eye
23,40,12,none,0,1,shallow,0,0,ica_eye
23,41,12,none,1,1,shallow,0,0,ica_eye
30,0,4,none,1,0,shallow,0,0,ica_eye
30,1,4,congruent,0,1,shallow,0,0,ica_eye
30,2,4,congruent,0,1,shallow,0,0,ica_eye
30,3,4,none,1,0,shallow,0,0,ica_eye
30,4,4,congruent,1,0,shallow,0,0,ica_eye
30,5,4,none,0,1,shallow,0,0,ica_eye
30,6,4,congruent,0,1,shallow,0,0,ica_eye
30,7,4,congruent,1,0,shallow,0,0,ica_eye
30,8,4,none,0,1,shallow,0,0,ica_eye
30,9,4,none,1,0,shallow,0,0,ica_eye
30,10,4,congruent,0,1,shallow,0,0,ica_eye
30,11,4,none,1,0,shallow,0,0,ica_eye
30,12,4,none,1,0,shallow,0,0,ica_eye
30,13,4,none,0,1,shallow,0,0,ica_eye
30,14,4,congruent,0,1,shallow,0,0,ica_eye
30,15,8,none,0,1,shallow,0,0,ica_eye
30,16,8,congruent,1,0,shallow,0,0,ica_eye
30,17,8,none,1,0,shallow,0,0,ica_eye
30,18,8,none,0,1,shallow,0,0,ica_eye
30,19,8,congruent,0,1,shallow,0,0,ica_eye
30,20,8,none,1,0,shallow,0,0,ica_eye
30,21,8,incongruent,0,1,shallow,0,0,ica_eye
30,22,8,none,1,0,shallow,0,0,ica_eye
30,23,8,congruent,1,0,shallow,0,0,ica_eye
30,24,8,none,0,1,shallow,0,0,ica_eye
30,25,8,none,1,1,shallow,0,0,ica_eye
30,26,8,none,0,1,shallow,0,0,ica_eye
30,27,8,none,1,0,shallow,0,0,ica_eye
30,28,8,none,0,1,shallow,0,0,ica_eye
30,29,8,none,0,1,shallow,0,0,ica_eye
30,30,12,none,1,0,shallow,0,0,ica_eye
30,31,12,none,0,1,shallow,0,0,ica_eye
30,32,12,congruent,1,0,shallow,0,0,ica_eye
30,33,12,none,0,1,shallow,0,0,ica_eye
30,34,12,none,0,1,shallow,0,0,ica_eye
30,35,12,none,1,0,shallow,0,0,ica_eye
30,36,12,congruent,1,0,shallow,0,0,ica_eye
30,37,12,none,0,1,shallow,0,0,ica_eye
30,38,12,incongruent,0,1,shallow,0,0,ica_eye
30,39,12,none,1,0,shallow,0,0,ica_eye
30,40,12,none,0,1,shallow,0,0,ica_eye
30,41,12,none,1,0,shallow,0,0,ica_eye
30,42,12,none,1,0,shallow,0,0,ica_eye
30,43,12,none,0,1,shallow,0,0,ica_eye
30,44,12,none,0,1,shallow,0,0,ica_eye
35,0,4,none,0,1,shallow,0,0,ica_eye
35,1,4,none,1,1,shallow,0,0,ica_eye
35,2,4,none,1,0,shallow,0,0,ica_eye
35,3,4,none,0,1,shallow,0,0,ica_eye
35,4,4,none,1,1,shallow,0,0,ica_eye
35,5,4,none,0,1,shallow,0,0,ica_eye
35,6,4,none,1,1,shallow,0,0,ica_eye
35,7,4,none,0,1,shallow,0,0,ica_eye
35,8,4,none,0,1,shallow,0,0,ica_eye
35,9,4,none,1,0,shallow,0,0,ica_eye
35,10,4,none,0,1,shallow,0,0,ica_eye
35,11,4,none,1,1,shallow,0,0,ica_eye
35,12,4,none,0,1,shallow,0,0,ica_eye
35,13,4,none,1,1,shallow,0,0,ica_eye
35,14,8,none,1,1,shallow,0,0,ica_eye
35,15,8,incongruent,0,1,shallow,0,0,ica_eye
35,16,8,none,1,0,shallow,0,0,ica_eye
35,17,8,none,0,1,shallow,0,0,ica_eye
35,18,8,none,1,0,shallow,0,0,ica_eye
35,19,8,none,0,1,shallow,0,0,ica_eye
35,20,8,none,1,0,shallow,0,0,ica_eye
35,21,8,none,0,1,shallow,0,0,ica_eye
35,22,8,incongruent,0,1,shallow,0,0,ica_eye
35,23,8,none,1,0,shallow,0,0,ica_eye
35,24,8,none,0,1,shallow,0,0,ica_eye
35,25,8,none,1,0,shallow,0,0,ica_eye
35,26,8,none,1,0,shallow,0,0,ica_eye
35,27,8,none,0,0,shallow,0,0,ica_eye
35,28,12,none,0,1,shallow,0,0,ica_eye
35,29,12,none,1,0,shallow,0,0,ica_eye
35,30,12,none,0,1,shallow,0,0,ica_eye
35,31,12,none,1,1,shallow,0,0,ica_eye
35,32,12,none,1,0,shallow,0,0,ica_eye
35,33,12,none,0,1,shallow,0,0,ica_eye
35,34,12,none,1,1,shallow,0,0,ica_eye
35,35,12,none,0,1,shallow,0,0,ica_eye
35,36,12,none,0,1,shallow,0,0,ica_eye
35,37,12,none,1,0,shallow,0,0,ica_eye
35,38,12,none,1,0,shallow,0,0,ica_eye
35,39,12,none,0,1,shallow,0,0,ica_eye
35,40,12,none,0,1,shallow,0,0,ica_eye
35,41,12,none,1,1,shallow,0,0,ica_eye
42,0,4,none,0,1,shallow,0,0,ica_eye
42,1,4,none,1,1,shallow,0,0,ica_eye
42,2,4,none,0,1,shallow,0,0,ica_eye
42,3,4,none,1,0,shallow,0,0,ica_eye
42,4,4,none,0,1,shallow,0,0,ica_eye
42,5,4,none,1,0,shallow,0,0,ica_eye
42,6,4,none,0,1,shallow,0,0,ica_eye
42,7,4,none,1,1,shallow,0,0,ica_eye
42,8,4,none,0,1,shallow,0,0,ica_eye
42,9,4,none,1,1,shallow,0,0,ica_eye
42,10,4,none,1,1,shallow,0,0,ica_eye
42,11,4,none,0,1,shallow,0,0,ica_eye
42,12,4,none,0,1,shallow,0,0,ica_eye
42,13,4,none,1,0,shallow,0,0,ica_eye
42,14,8,none,0,1,shallow,0,0,ica_eye
42,15,8,none,1,1,shallow,0,0,ica_eye
42,16,8,none,0,1,shallow,0,0,ica_eye
42,17,8,none,1,1,shallow,0,0,ica_eye
42,18,8,none,0,1,shallow,0,0,ica_eye
42,19,8,none,1,1,shallow,0,0,ica_eye
42,20,8,congruent,0,1,shallow,0,0,ica_eye
42,21,8,none,1,0,shallow,0,0,ica_eye
42,22,8,none,0,1,shallow,0,0,ica_eye
42,23,8,none,1,1,shallow,0,0,ica_eye
42,24,8,congruent,0,1,shallow,0,0,ica_eye
42,25,8,none,1,1,shallow,0,0,ica_eye
42,26,8,none,1,0,shallow,0,0,ica_eye
42,27,8,none,0,1,shallow,0,0,ica_eye
42,28,12,none,1,1,shallow,0,0,ica_eye
42,29,12,none,0,1,shallow,0,0,ica_eye
42,30,12,none,1,1,shallow,0,0,ica_eye
42,31,12,none,0,1,shallow,0,0,ica_eye
42,32,12,none,0,1,shallow,0,0,ica_eye
42,33,12,none,1,1,shallow,0,0,ica_eye
42,34,12,none,0,1,shallow,0,0,ica_eye
42,35,12,none,1,1,shallow,0,0,ica_eye
42,36,12,none,1,0,shallow,0,0,ica_eye
42,37,12,none,0,1,shallow,0,0,ica_eye
42,38,12,none,1,0,shallow,0,0,ica_eye
42,39,12,none,0,1,shallow,0,0,ica_eye
42,40,12,none,1,0,shallow,0,0,ica_eye
42,41,12,none,0,1,shallow,0,0,ica_eye
45,0,4,none,0,1,shallow,0,0,ica_eye
45,1,4,none,1,0,shallow,0,0,ica_eye
45,2,4,congruent,1,1,shallow,0,0,ica_eye
45,3,4,none,0,0,shallow,0,0,ica_eye
45,4,4,congruent,1,1,shallow,0,0,ica_eye
45,5,4,congruent,0,1,shallow,0,0,ica_eye
45,6,4,none,1,0,shallow,0,0,ica_eye
45,7,4,congruent,0,1,shallow,0,0,ica_eye
45,8,4,none,1,1,shallow,0,0,ica_eye
45,9,4,none,0,1,shallow,0,0,ica_eye
45,10,4,none,1,1,shallow,0,0,ica_eye
45,11,4,none,0,1,shallow,0,0,ica_eye
45,12,4,congruent,0,1,shallow,0,0,ica_eye
45,13,4,none,1,1,shallow,0,0,ica_eye
45,14,8,none,1,0,shallow,0,0,ica_eye
45,15,8,congruent,0,1,shallow,0,0,ica_eye
45,16,8,none,0,1,shallow,0,0,ica_eye
45,17,8,none,1,1,shallow,0,0,ica_eye
45,18,8,none,1,0,shallow,0,0,ica_eye
45,19,8,none,0,0,shallow,0,0,ica_eye
45,20,8,none,1,1,shallow,0,0,ica_eye
45,21,8,none,0,1,shallow,0,0,ica_eye
45,22,8,none,0,1,shallow,0,0,ica_eye
45,23,8,congruent,1,1,shallow,0,0,ica_eye
45,24,8,none,0,1,shallow,0,0,ica_eye
45,25,8,none,1,1,shallow,0,0,ica_eye
45,26,8,none,0,0,shallow,0,0,ica_eye
45,27,8,none,1,0,shallow,0,0,ica_eye
45,28,12,none,0,1,shallow,0,0,ica_eye
45,29,12,none,1,1,shallow,0,0,ica_eye
45,30,12,none,0,1,shallow,0,0,ica_eye
45,31,12,incongruent,1,0,shallow,0,0,ica_eye
45,32,12,none,0,1,shallow,0,0,ica_eye
45,33,12,none,1,1,shallow,0,0,ica_eye
45,34,12,none,0,1,shallow,0,0,ica_eye
45,35,12,none,1,1,shallow,0,0,ica_eye
45,36,12,none,1,0,shallow,0,0,ica_eye
45,37,12,none,0,1,shallow,0,0,ica_eye
45,38,12,none,0,1,shallow,0,0,ica_eye
45,39,12,none,1,1,shallow,0,0,ica_eye
45,40,12,none,0,1,shallow,0,0,ica_eye
45,41,12,none,1,0,shallow,0,0,ica_eye
52,0,4,none,0,0,shallow,0,0,ica_eye
52,1,4,none,1,1,shallow,0,0,ica_eye
52,2,4,none,1,1,shallow,0,0,ica_eye
52,3,4,incongruent,0,1,shallow,0,0,ica_eye
52,4,4,none,1,1,shallow,0,0,ica_eye
52,5,4,none,0,0,shallow,0,0,ica_eye
52,6,4,none,1,1,shallow,0,0,ica_eye
52,7,4,none,0,1,shallow,0,0,ica_eye
52,8,4,none,1,1,shallow,0,0,ica_eye
52,9,4,none,0,1,shallow,0,0,ica_eye
52,10,4,none,0,1,shallow,0,0,ica_eye
52,11,4,none,1,0,shallow,0,0,ica_eye
52,12,4,none,1,1,shallow,0,0,ica_eye
52,13,4,none,0,1,shallow,0,0,ica_eye
52,14,8,none,1,1,shallow,0,0,ica_eye
52,15,8,none,0,1,shallow,0,0,ica_eye
52,16,8,none,0,1,shallow,0,0,ica_eye
52,17,8,none,1,1,shallow,0,0,ica_eye
52,18,8,none,0,0,shallow,0,0,ica_eye
52,19,8,none,1,1,shallow,0,0,ica_eye
52,20,8,none,1,1,shallow,0,0,ica_eye
52,21,8,none,0,0,shallow,0,0,ica_eye
52,22,8,incongruent,1,0,shallow,0,0,ica_eye
52,23,8,none,0,1,shallow,0,0,ica_eye
52,24,8,congruent,1,1,shallow,0,0,ica_eye
52,25,8,none,0,0,shallow,0,0,ica_eye
52,26,8,congruent,1,1,shallow,0,0,ica_eye
52,27,8,none,0,1,shallow,0,0,ica_eye
52,28,12,none,1,1,shallow,0,0,ica_eye
52,29,12,none,0,0,shallow,0,0,ica_eye
52,30,12,none,1,1,shallow,0,0,ica_eye
52,31,12,none,0,1,shallow,0,0,ica_eye
52,32,12,congruent,0,1,shallow,0,0,ica_eye
52,33,12,none,1,1,shallow,0,0,ica_eye
52,34,12,none,0,1,shallow,0,0,ica_eye
52,35,12,none,1,1,shallow,0,0,ica_eye
52,36,12,none,1,1,shallow,0,0,ica_eye
52,37,12,none,0,0,shallow,0,0,ica_eye
52,38,12,none,0,1,shallow,0,0,ica_eye
52,39,12,none,1,1,shallow,0,0,ica_eye
52,40,12,none,0,1,shallow,0,0,ica_eye
52,41,12,none,1,1,shallow,0,0,ica_eye
58,0,4,none,0,0,shallow,0,0,ica_eye
58,1,4,none,1,0,shallow,0,0,ica_eye
58,2,4,congruent,1,1,shallow,0,0,ica_eye
58,3,4,none,0,0,shallow,0,0,ica_eye
58,4,4,congruent,0,1,shallow,0,0,ica_eye
58,5,4,none,1,1,shallow,0,0,ica_eye
58,6,4,none,1,1,shallow,0,0,ica_eye
58,7,4,none,0,1,shallow,0,0,ica_eye
58,8,4,none,0,1,shallow,0,0,ica_eye
58,9,4,congruent,1,1,shallow,0,0,ica_eye
58,10,4,none,0,0,shallow,0,0,ica_eye
58,11,4,none,1,1,shallow,0,0,ica_eye
58,12,4,none,1,1,shallow,0,0,ica_eye
58,13,4,none,0,0,shallow,0,0,ica_eye
58,14,8,incongruent,0,0,shallow,0,0,ica_eye
58,15,8,none,1,1,shallow,0,0,ica_eye
58,16,8,none,0,1,shallow,0,0,ica_eye
58,17,8,none,1,1,shallow,0,0,ica_eye
58,18,8,none,0,0,shallow,0,0,ica_eye
58,19,8,none,1,1,shallow,0,0,ica_eye
58,20,8,congruent,1,1,shallow,0,0,ica_eye
58,21,8,none,0,0,shallow,0,0,ica_eye
58,22,8,congruent,0,0,shallow,0,0,ica_eye
58,23,8,none,1,1,shallow,0,0,ica_eye
58,24,8,none,0,0,shallow,0,0,ica_eye
58,25,8,none,1,1,shallow,0,0,ica_eye
58,26,8,none,0,0,shallow,0,0,ica_eye
58,27,8,none,1,1,shallow,0,0,ica_eye
58,28,12,congruent,1,1,shallow,0,0,ica_eye
58,29,12,none,0,0,shallow,0,0,ica_eye
58,30,12,none,0,0,shallow,0,0,ica_eye
58,31,12,congruent,1,1,shallow,0,0,ica_eye
58,32,12,congruent,0,0,shallow,0,0,ica_eye
58,33,12,none,1,1,shallow,0,0,ica_eye
58,34,12,none,1,1,shallow,0,0,ica_eye
58,35,12,none,0,0,shallow,0,0,ica_eye
58,36,12,congruent,0,0,shallow,0,0,ica_eye
58,37,12,none,1,1,shallow,0,0,ica_eye
58,38,12,none,1,1,shallow,0,0,ica_eye
58,39,12,none,0,0,shallow,0,0,ica_eye
58,40,12,none,1,1,shallow,0,0,ica_eye
58,41,12,none,0,0,shallow,0,0,ica_eye
59,0,4,none,0,0,shallow,0,0,ica_eye
59,1,4,none,1,1,shallow,0,0,ica_eye
59,2,4,none,0,0,shallow,0,0,ica_eye
59,3,4,none,1,1,shallow,0,0,ica_eye
59,4,4,none,0,0,shallow,0,0,ica_eye
59,5,4,congruent,1,0,shallow,0,0,ica_eye
59,6,4,none,0,1,shallow,0,0,ica_eye
59,7,4,congruent,1,0,shallow,0,0,ica_eye
59,8,4,congruent,1,0,shallow,0,0,ica_eye
59,9,4,none,0,1,shallow,0,0,ica_eye
59,10,4,congruent,0,0,shallow,0,0,ica_eye
59,11,4,none,1,0,shallow,0,0,ica_eye
59,12,4,congruent,1,0,shallow,0,0,ica_eye
59,13,4,none,0,0,shallow,0,0,ica_eye
59,14,8,none,0,0,shallow,0,0,ica_eye
59,15,8,none,1,1,shallow,0,0,ica_eye
59,16,8,none,1,0,shallow,0,0,ica_eye
59,17,8,none,0,1,shallow,0,0,ica_eye
59,18,8,none,0,1,shallow,0,0,ica_eye
59,19,8,none,1,0,shallow,0,0,ica_eye
59,20,8,none,0,1,shallow,0,0,ica_eye
59,21,8,congruent,1,0,shallow,0,0,ica_eye
59,22,8,none,0,1,shallow,0,0,ica_eye
59,23,8,none,1,1,shallow,0,0,ica_eye
59,24,8,congruent,0,0,shallow,0,0,ica_eye
59,25,8,congruent,1,0,shallow,0,0,ica_eye
59,26,8,none,0,0,shallow,0,0,ica_eye
59,27,8,none,1,0,shallow,0,0,ica_eye
59,28,12,none,1,1,shallow,0,0,ica_eye
59,29,12,none,0,1,shallow,0,0,ica_eye
59,30,12,none,1,1,shallow,0,0,ica_eye
59,31,12,none,0,1,shallow,0,0,ica_eye
59,32,12,none,1,0,shallow,0,0,ica_eye
59,33,12,none,0,1,shallow,0,0,ica_eye
59,34,12,none,1,1,shallow,0,0,ica_eye
59,35,12,none,0,1,shallow,0,0,ica_eye
59,36,12,none,1,0,shallow,0,0,ica_eye
59,37,12,none,0,0,shallow,0,0,ica_eye
59,38,12,none,1,0,shallow,0,0,ica_eye
59,39,12,none,0,0,shallow,0,0,ica_eye
59,40,12,none,0,0,shallow,0,0,ica_eye
59,41,12,none,1,1,shallow,0,0,ica_eye
72,0,4,none,1,0,shallow,0,0,ica_eye
72,1,4,incongruent,0,1,shallow,0,0,ica_eye
72,2,4,congruent,0,1,shallow,0,0,ica_eye
72,3,4,none,1,1,shallow,0,0,ica_eye
72,4,4,none,1,1,shallow,0,0,ica_eye
72,5,4,none,0,1,shallow,0,0,ica_eye
72,6,4,congruent,1,0,shallow,0,0,ica_eye
72,7,4,congruent,0,1,shallow,0,0,ica_eye
72,8,4,none,0,1,shallow,0,0,ica_eye
72,9,4,none,1,1,shallow,0,0,ica_eye
72,10,4,none,0,1,shallow,0,0,ica_eye
72,11,4,congruent,1,1,shallow,0,0,ica_eye
72,12,4,none,0,1,shallow,0,0,ica_eye
72,13,4,none,1,1,shallow,0,0,ica_eye
72,14,8,none,1,1,shallow,0,0,ica_eye
72,15,8,none,0,1,shallow,0,0,ica_eye
72,16,8,none,1,1,shallow,0,0,ica_eye
72,17,8,congruent,0,1,shallow,0,0,ica_eye
72,18,8,congruent,0,1,shallow,0,0,ica_eye
72,19,8,congruent,1,1,shallow,0,0,ica_eye
72,20,8,none,0,1,shallow,0,0,ica_eye
72,21,8,congruent,1,1,shallow,0,0,ica_eye
72,22,8,congruent,1,0,shallow,0,0,ica_eye
72,23,8,congruent,0,1,shallow,0,0,ica_eye
72,24,8,congruent,0,1,shallow,0,0,ica_eye
72,25,8,congruent,1,1,shallow,0,0,ica_eye
72,26,8,congruent,0,1,shallow,0,0,ica_eye
72,27,8,congruent,1,0,shallow,0,0,ica_eye
72,28,12,none,0,1,shallow,0,0,ica_eye
72,29,12,none,1,1,shallow,0,0,ica_eye
72,30,12,none,1,1,shallow,0,0,ica_eye
72,31,12,none,0,1,shallow,0,0,ica_eye
72,32,12,none,1,0,shallow,0,0,ica_eye
72,33,12,congruent,0,1,shallow,0,0,ica_eye
72,34,12,congruent,1,0,shallow,0,0,ica_eye
72,35,12,none,0,1,shallow,0,0,ica_eye
72,36,12,congruent,0,1,shallow,0,0,ica_eye
72,37,12,congruent,1,1,shallow,0,0,ica_eye
72,38,12,congruent,1,0,shallow,0,0,ica_eye
72,39,12,congruent,0,1,shallow,0,0,ica_eye
72,40,12,congruent,1,0,shallow,0,0,ica_eye
72,41,12,congruent,0,1,shallow,0,0,ica_eye
76,0,4,congruent,1,1,shallow,0,0,ica_eye
76,1,4,none,0,0,shallow,0,0,ica_eye
76,2,4,none,0,0,shallow,0,0,ica_eye
76,3,4,none,1,1,shallow,0,0,ica_eye
76,4,4,none,0,0,shallow,0,0,ica_eye
76,5,4,none,1,1,shallow,0,0,ica_eye
76,6,4,none,0,0,shallow,0,0,ica_eye
76,7,4,none,1,0,shallow,0,0,ica_eye
76,8,4,congruent,1,1,shallow,0,0,ica_eye
76,9,4,incongruent,0,1,shallow,0,0,ica_eye
76,10,4,congruent,0,1,shallow,0,0,ica_eye
76,11,4,none,1,0,shallow,0,0,ica_eye
76,12,4,none,0,0,shallow,0,0,ica_eye
76,13,4,none,1,1,shallow,0,0,ica_eye
76,14,8,none,0,0,shallow,0,0,ica_eye
76,15,8,incongruent,1,1,shallow,0,0,ica_eye
76,16,8,congruent,1,1,shallow,0,0,ica_eye
76,17,8,incongruent,0,0,shallow,0,0,ica_eye
76,18,8,congruent,1,1,shallow,0,0,ica_eye
76,19,8,none,0,0,shallow,0,0,ica_eye
76,20,8,none,1,1,shallow,0,0,ica_eye
76,21,8,none,0,1,shallow,0,0,ica_eye
76,22,8,congruent,0,0,shallow,0,0,ica_eye
76,23,8,none,1,0,shallow,0,0,ica_eye
76,24,8,none,0,1,shallow,0,0,ica_eye
76,25,8,none,1,0,shallow,0,0,ica_eye
76,26,8,none,0,1,shallow,0,0,ica_eye
76,27,8,none,1,1,shallow,0,0,ica_eye
76,28,12,congruent,0,1,shallow,0,0,ica_eye
76,29,12,none,1,1,shallow,0,0,ica_eye
76,30,12,none,1,1,shallow,0,0,ica_eye
76,31,12,none,0,1,shallow,0,0,ica_eye
76,32,12,none,1,0,shallow,0,0,ica_eye
76,33,12,none,0,1,shallow,0,0,ica_eye
76,34,12,congruent,0,1,shallow,0,0,ica_eye
76,35,12,none,1,0,shallow,0,0,ica_eye
76,36,12,none,0,0,shallow,0,0,ica_eye
76,37,12,none,1,0,shallow,0,0,ica_eye
76,38,12,none,1,0,shallow,0,0,ica_eye
76,39,12,incongruent,0,0,shallow,0,0,ica_eye
76,40,12,none,1,1,shallow,0,0,ica_eye
76,41,12,congruent,0,0,shallow,0,0,ica_eye
93,0,4,none,1,0,shallow,0,0,ica_eye
93,1,4,none,0,1,shallow,0,0,ica_eye
93,2,4,none,1,1,shallow,0,0,ica_eye
93,3,4,none,0,0,shallow,0,0,ica_eye
93,4,4,none,1,1,shallow,0,0,ica_eye
93,5,4,none,0,1,shallow,0,0,ica_eye
93,6,4,congruent,0,1,shallow,0,0,ica_eye
93,7,4,none,1,1,shallow,0,0,ica_eye
93,8,4,none,1,1,shallow,0,0,ica_eye
93,9,4,none,0,0,shallow,0,0,ica_eye
93,10,4,none,1,1,shallow,0,0,ica_eye
93,11,4,congruent,0,0,shallow,0,0,ica_eye
93,12,4,none,1,1,shallow,0,0,ica_eye
93,13,4,congruent,0,0,shallow,0,0,ica_eye
93,14,8,congruent,0,0,shallow,0,0,ica_eye
93,15,8,none,1,1,shallow,0,0,ica_eye
93,16,8,congruent,1,1,shallow,0,0,ica_eye
93,17,8,none,0,1,shallow,0,0,ica_eye
93,18,8,none,0,0,shallow,0,0,ica_eye
93,19,8,none,1,0,shallow,0,0,ica_eye
93,20,8,none,0,1,shallow,0,0,ica_eye
93,21,8,none,1,1,shallow,0,0,ica_eye
93,22,8,none,1,1,shallow,0,0,ica_eye
93,23,8,none,0,1,shallow,0,0,ica_eye
93,24,8,none,1,1,shallow,0,0,ica_eye
93,25,8,congruent,0,1,shallow,0,0,ica_eye
93,26,8,congruent,0,0,shallow,0,0,ica_eye
93,27,8,none,1,1,shallow,0,0,ica_eye
93,28,12,none,0,1,shallow,0,0,ica_eye
93,29,12,none,1,0,shallow,0,0,ica_eye
93,30,12,none,0,1,shallow,0,0,ica_eye
93,31,12,congruent,1,1,shallow,0,0,ica_eye
93,32,12,none,1,1,shallow,0,0,ica_eye
93,33,12,none,0,1,shallow,0,0,ica_eye
93,34,12,none,1,1,shallow,0,0,ica_eye
93,35,12,none,0,0,shallow,0,0,ica_eye
93,36,12,congruent,1,0,shallow,0,0,ica_eye
93,37,12,none,0,1,shallow,0,0,ica_eye
93,38,12,congruent,0,1,shallow,0,0,ica_eye
93,39,12,none,1,1,shallow,0,0,ica_eye
93,40,12,none,1,1,shallow,0,0,ica_eye
93,41,12,none,0,0,shallow,0,0,ica_eye
95,0,4,none,0,0,shallow,0,0,ica_eye
95,1,4,congruent,1,1,shallow,0,0,ica_eye
95,2,4,congruent,1,1,shallow,0,0,ica_eye
95,3,4,none,0,1,shallow,0,0,ica_eye
95,4,4,congruent,0,1,shallow,0,0,ica_eye
95,5,4,none,1,1,shallow,0,0,ica_eye
95,6,4,none,0,1,shallow,0,0,ica_eye
95,7,4,none,1,1,shallow,0,0,ica_eye
95,8,4,congruent,0,0,shallow,0,0,ica_eye
95,9,4,none,1,0,shallow,0,0,ica_eye
95,10,4,congruent,1,0,shallow,0,0,ica_eye
95,11,4,congruent,0,1,shallow,0,0,ica_eye
95,12,4,congruent,0,0,shallow,0,0,ica_eye
95,13,4,none,1,0,shallow,0,0,ica_eye
95,14,8,none,1,1,shallow,0,0,ica_eye
95,15,8,none,0,0,shallow,0,0,ica_eye
95,16,8,none,1,0,shallow,0,0,ica_eye
95,17,8,none,0,1,shallow,0,0,ica_eye
95,18,8,congruent,0,1,shallow,0,0,ica_eye
95,19,8,none,1,1,shallow,0,0,ica_eye
95,20,8,none,1,1,shallow,0,0,ica_eye
95,21,8,none,0,0,shallow,0,0,ica_eye
95,22,8,none,0,0,shallow,0,0,ica_eye
95,23,8,none,1,1,shallow,0,0,ica_eye
95,24,8,none,0,1,shallow,0,0,ica_eye
95,25,8,none,1,0,shallow,0,0,ica_eye
95,26,8,none,0,1,shallow,0,0,ica_eye
95,27,8,none,1,1,shallow,0,0,ica_eye
95,28,12,none,0,0,shallow,0,0,ica_eye
95,29,12,none,1,0,shallow,0,0,ica_eye
95,30,12,none,1,1,shallow,0,0,ica_eye
95,31,12,none,0,0,shallow,0,0,ica_eye
95,32,12,none,0,0,shallow,0,0,ica_eye
95,33,12,none,1,1,shallow,0,0,ica_eye
95,34,12,none,1,1,shallow,0,0,ica_eye
95,35,12,none,0,0,shallow,0,0,ica_eye
95,36,12,none,0,0,shallow,0,0,ica_eye
95,37,12,none,1,1,shallow,0,0,ica_eye
95,38,12,none,0,0,shallow,0,0,ica_eye
95,39,12,none,1,1,shallow,0,0,ica_eye
95,40,12,none,1,0,shallow,0,0,ica_eye
95,41,12,none,0,0,shallow,0,0,ica_eye
97,0,4,none,0,1,shallow,0,0,ica_eye
97,1,4,none,1,0,shallow,0,0,ica_eye
97,2,4,none,1,1,shallow,0,0,ica_eye
97,3,4,none,0,0,shallow,0,0,ica_eye
97,4,4,none,0,1,shallow,0,0,ica_eye
97,5,4,none,1,1,shallow,0,0,ica_eye
97,6,4,none,0,0,shallow,0,0,ica_eye
97,7,4,none,1,1,shallow,0,0,ica_eye
97,8,4,congruent,0,1,shallow,0,0,ica_eye
97,9,4,none,1,1,shallow,0,0,ica_eye
97,10,4,none,1,1,shallow,0,0,ica_eye
97,11,4,none,0,1,shallow,0,0,ica_eye
97,12,4,none,1,1,shallow,0,0,ica_eye
97,13,4,none,0,1,shallow,0,0,ica_eye
97,14,8,none,0,0,shallow,0,0,ica_eye
97,15,8,incongruent,1,0,shallow,0,0,ica_eye
97,16,8,none,1,1,shallow,0,0,ica_eye
97,17,8,congruent,0,1,shallow,0,0,ica_eye
97,18,8,incongruent,1,0,shallow,0,0,ica_eye
97,19,8,congruent,0,1,shallow,0,0,ica_eye
97,20,8,incongruent,1,0,shallow,0,0,ica_eye
97,21,8,none,0,1,shallow,0,0,ica_eye
97,22,8,none,1,0,shallow,0,0,ica_eye
97,23,8,none,0,1,shallow,0,0,ica_eye
97,24,8,congruent,0,1,shallow,0,0,ica_eye
97,25,8,incongruent,1,1,shallow,0,0,ica_eye
97,26,8,congruent,0,1,shallow,0,0,ica_eye
97,27,8,incongruent,1,1,shallow,0,0,ica_eye
97,28,12,none,1,1,shallow,0,0,ica_eye
97,29,12,none,0,1,shallow,0,0,ica_eye
97,30,12,none,1,1,shallow,0,0,ica_eye
97,31,12,none,0,0,shallow,0,0,ica_eye
97,32,12,incongruent,1,1,shallow,0,0,ica_eye
97,33,12,congruent,0,1,shallow,0,0,ica_eye
97,34,12,congruent,0,1,shallow,0,0,ica_eye
97,35,12,none,1,1,shallow,0,0,ica_eye
97,36,12,none,1,1,shallow,0,0,ica_eye
97,37,12,congruent,0,0,shallow,0,0,ica_eye
97,38,12,none,1,1,shallow,0,0,ica_eye
97,39,12,congruent,0,1,shallow,0,0,ica_eye
97,40,12,none,0,1,shallow,0,0,ica_eye
97,41,12,none,1,0,shallow,0,0,ica_eye
109,0,4,none,0,0,shallow,0,0,ica_eye
109,1,4,none,1,1,shallow,0,0,ica_eye
109,2,4,none,1,1,shallow,0,0,ica_eye
109,3,4,none,0,0,shallow,0,0,ica_eye
109,4,4,none,1,1,shallow,0,0,ica_eye
109,5,4,none,0,0,shallow,0,0,ica_eye
109,6,4,none,1,1,shallow,0,0,ica_eye
109,7,4,incongruent,0,0,shallow,0,0,ica_eye
109,8,4,none,1,1,shallow,0,0,ica_eye
109,9,4,none,0,0,shallow,0,0,ica_eye
109,10,4,none,0,0,shallow,0,0,ica_eye
109,11,4,none,1,1,shallow,0,0,ica_eye
109,12,4,none,0,0,shallow,0,0,ica_eye
109,13,4,none,1,1,shallow,0,0,ica_eye
109,14,8,none,1,1,shallow,0,0,ica_eye
109,15,8,incongruent,0,0,shallow,0,0,ica_eye
109,16,8,none,1,1,shallow,0,0,ica_eye
109,17,8,none,0,0,shallow,0,0,ica_eye
109,18,8,none,0,0,shallow,0,0,ica_eye
109,19,8,none,1,1,shallow,0,0,ica_eye
109,20,8,none,0,0,shallow,0,0,ica_eye
109,21,8,none,1,1,shallow,0,0,ica_eye
109,22,8,none,1,1,shallow,0,0,ica_eye
109,23,8,congruent,0,0,shallow,0,0,ica_eye
109,24,8,none,1,1,shallow,0,0,ica_eye
109,25,8,incongruent,0,0,shallow,0,0,ica_eye
109,26,8,incongruent,1,1,shallow,0,0,ica_eye
109,27,8,none,0,0,shallow,0,0,ica_eye
109,28,12,none,1,1,shallow,0,0,ica_eye
109,29,12,none,0,0,shallow,0,0,ica_eye
109,30,12,none,1,1,shallow,0,0,ica_eye
109,31,12,none,0,0,shallow,0,0,ica_eye
109,32,12,none,0,0,shallow,0,0,ica_eye
109,33,12,none,1,1,shallow,0,0,ica_eye
109,34,12,none,1,1,shallow,0,0,ica_eye
109,35,12,none,0,0,shallow,0,0,ica_eye
109,36,12,none,1,1,shallow,0,0,ica_eye
109,37,12,none,0,0,shallow,0,0,ica_eye
109,38,12,none,0,0,shallow,0,0,ica_eye
109,39,12,none,1,1,shallow,0,0,ica_eye
109,40,12,none,0,0,shallow,0,0,ica_eye
109,41,12,none,1,1,shallow,0,0,ica_eye
