subject,trial,session,label,correct,model,seed,arm
4,0,0,0,0,csoanet,0,main
4,1,0,0,1,csoanet,0,main
4,2,0,0,1,csoanet,0,main
4,3,0,1,1,csoanet,0,main
4,4,0,0,0,csoanet,0,main
4,5,0,0,0,csoanet,0,main
4,6,0,1,0,csoanet,0,main
4,7,0,1,1,csoanet,0,main
4,8,0,1,1,csoanet,0,main
4,9,0,0,1,csoanet,0,main
4,10,0,1,1,csoanet,0,main
4,11,0,1,1,csoanet,0,main
4,12,0,0,0,csoanet,0,main
4,13,0,0,1,csoanet,0,main
4,14,0,1,1,csoanet,0,main
4,15,0,1,1,csoanet,0,main
4,16,0,0,1,csoanet,0,main
4,17,0,0,1,csoanet,0,main
4,18,0,1,1,csoanet,0,main
4,19,0,1,1,csoanet,0,main
4,20,0,1,1,csoanet,0,main
4,21,0,0,0,csoanet,0,main
4,22,0,0,0,csoanet,0,main
4,23,0,1,1,csoanet,0,main
4,24,0,1,1,csoanet,0,main
4,25,0,1,1,csoanet,0,main
4,26,0,0,0,csoanet,0,main
4,27,0,1,1,csoanet,0,main
4,28,0,0,1,csoanet,0,main
4,29,0,0,1,csoanet,0,main
4,30,0,0,0,csoanet,0,main
4,31,0,1,1,csoanet,0,main
4,32,0,0,1,csoanet,0,main
4,33,0,0,0,csoanet,0,main
4,34,0,1,1,csoanet,0,main
4,35,0,0,1,csoanet,0,main
4,36,0,0,1,csoanet,0,main
4,37,0,1,1,csoanet,0,main
4,38,0,1,1,csoanet,0,main
4,39,0,0,1,csoanet,0,main
4,40,0,0,0,csoanet,0,main
4,41,0,1,1,csoanet,0,main
4,42,0,1,1,csoanet,0,main
4,43,0,1,1,csoanet,0,main
4,44,0,0,0,csoanet,0,main
4,45,0,1,1,csoanet,0,main
4,46,0,1,1,csoanet,0,main
4,47,0,0,1,csoanet,0,main
4,48,0,0,0,csoanet,0,main
4,49,0,1,1,csoanet,0,main
4,50,0,1,1,csoanet,0,main
4,51,0,0,1,csoanet,0,main
4,52,0,1,0,csoanet,0,main
4,53,0,0,0,csoanet,0,main
4,54,0,1,1,csoanet,0,main
4,55,0,1,0,csoanet,0,main
4,56,0,0,0,csoanet,0,main
4,57,0,1,1,csoanet,0,main
4,58,0,0,1,csoanet,0,main
4,59,0,0,1,csoanet,0,main
4,60,0,1,1,csoanet,0,main
4,61,0,0,0,csoanet,0,main
4,62,0,0,1,csoanet,0,main
4,63,0,0,1,csoanet,0,main
4,64,0,0,1,csoanet,0,main
4,65,0,1,1,csoanet,0,main
4,66,0,0,1,csoanet,0,main
4,67,0,1,1,csoanet,0,main
4,68,0,1,1,csoanet,0,main
4,69,0,0,1,csoanet,0,main
4,70,0,1,1,csoanet,0,main
4,71,0,1,1,csoanet,0,main
4,72,0,1,0,csoanet,0,main
4,73,0,0,1,csoanet,0,main
4,74,0,0,0,csoanet,0,main
4,75,0,1,1,csoanet,0,main
4,76,0,1,1,csoanet,0,main
4,77,0,0,0,csoanet,0,main
4,78,0,0,0,csoanet,0,main
4,79,0,0,0,csoanet,0,main
4,80,0,1,1,csoanet,0,main
4,81,0,1,1,csoanet,0,main
4,82,0,0,0,csoanet,0,main
4,83,0,0,0,csoanet,0,main
4,84,0,0,0,csoanet,0,main
4,85,0,1,1,csoanet,0,main
4,86,0,0,1,csoanet,0,main
4,87,0,1,1,csoanet,0,main
4,88,0,1,0,csoanet,0,main
4,89,0,0,0,csoanet,0,main
4,90,0,1,1,csoanet,0,main
4,91,0,0,1,csoanet,0,main
4,92,0,1,1,csoanet,0,main
4,93,0,1,1,csoanet,0,main
4,94,0,1,1,csoanet,0,main
4,95,0,0,0,csoanet,0,main
4,96,0,0,1,csoanet,0,main
4,97,0,0,1,csoanet,0,main
4,98,0,1,1,csoanet,0,main
4,99,0,0,0,csoanet,0,main
4,100,0,0,0,csoanet,0,main
4,101,0,1,1,csoanet,0,main
4,102,0,0,1,csoanet,0,main
4,103,0,0,0,csoanet,0,main
4,104,0,1,1,csoanet,0,main
4,105,0,0,1,csoanet,0,main
4,106,0,1,1,csoanet,0,main
4,107,0,1,1,csoanet,0,main
4,108,0,0,1,csoanet,0,main
4,109,0,1,1,csoanet,0,main
4,110,0,0,0,csoanet,0,main
4,111,0,0,1,csoanet,0,main
4,112,0,1,1,csoanet,0,main
4,113,0,0,0,csoanet,0,main
4,114,0,1,1,csoanet,0,main
4,115,0,1,1,csoanet,0,main
4,116,0,1,1,csoanet,0,main
4,117,0,1,1,csoanet,0,main
4,118,0,1,1,csoanet,0,main
4,119,0,0,0,csoanet,0,main
4,120,0,1,1,csoanet,0,main
4,121,0,0,1,csoanet,0,main
4,122,0,0,0,csoanet,0,main
4,123,0,0,0,csoanet,0,main
4,124,0,1,1,csoanet,0,main
4,125,0,1,1,csoanet,0,main
4,126,0,0,1,csoanet,0,main
4,127,0,1,1,csoanet,0,main
4,128,0,0,0,csoanet,0,main
4,129,0,1,1,csoanet,0,main
4,130,0,0,0,csoanet,0,main
4,131,0,1,1,csoanet,0,main
4,132,0,1,1,csoanet,0,main
4,133,0,1,1,csoanet,0,main
4,134,0,0,1,csoanet,0,main
4,135,0,0,1,csoanet,0,main
4,136,0,1,1,csoanet,0,main
4,137,0,0,0,csoanet,0,main
4,138,0,1,1,csoanet,0,main
4,139,0,1,1,csoanet,0,main
4,140,0,0,1,csoanet,0,main
4,141,0,0,0,csoanet,0,main
4,142,0,1,0,csoanet,0,main
4,143,0,0,0,csoanet,0,main
4,144,1,1,1,csoanet,0,main
4,145,1,0,1,csoanet,0,main
4,146,1,0,1,csoanet,0,main
4,147,1,1,1,csoanet,0,main
4,148,1,1,1,csoanet,0,main
4,149,1,0,1,csoanet,0,main
4,150,1,0,0,csoanet,0,main
4,151,1,0,0,csoanet,0,main
4,152,1,1,1,csoanet,0,main
4,153,1,1,1,csoanet,0,main
4,154,1,0,1,csoanet,0,main
4,155,1,0,0,csoanet,0,main
4,156,1,0,1,csoanet,0,main
4,157,1,1,1,csoanet,0,main
4,158,1,0,1,csoanet,0,main
4,159,1,1,1,csoanet,0,main
4,160,1,1,1,csoanet,0,main
4,161,1,0,1,csoanet,0,main
4,162,1,1,0,csoanet,0,main
4,163,1,0,1,csoanet,0,main
4,164,1,1,1,csoanet,0,main
4,165,1,1,1,csoanet,0,main
4,166,1,1,1,csoanet,0,main
4,167,1,0,1,csoanet,0,main
4,168,1,0,1,csoanet,0,main
4,169,1,0,1,csoanet,0,main
4,170,1,1,1,csoanet,0,main
4,171,1,0,0,csoanet,0,main
4,172,1,0,0,csoanet,0,main
4,173,1,1,1,csoanet,0,main
4,174,1,0,1,csoanet,0,main
4,175,1,0,1,csoanet,0,main
4,176,1,1,1,csoanet,0,main
4,177,1,0,0,csoanet,0,main
4,178,1,1,1,csoanet,0,main
4,179,1,1,0,csoanet,0,main
4,180,1,0,1,csoanet,0,main
4,181,1,1,1,csoanet,0,main
4,182,1,0,1,csoanet,0,main
4,183,1,0,1,csoanet,0,main
4,184,1,1,1,csoanet,0,main
4,185,1,0,1,csoanet,0,main
4,186,1,1,1,csoanet,0,main
4,187,1,1,1,csoanet,0,main
4,188,1,1,1,csoanet,0,main
4,189,1,1,1,csoanet,0,main
4,190,1,1,1,csoanet,0,main
4,191,1,0,1,csoanet,0,main
4,192,1,1,1,csoanet,0,main
4,193,1,0,1,csoanet,0,main
4,194,1,0,0,csoanet,0,main
4,195,1,0,1,csoanet,0,main
4,196,1,1,1,csoanet,0,main
4,197,1,1,0,csoanet,0,main
4,198,1,0,1,csoanet,0,main
4,199,1,1,0,csoanet,0,main
4,200,1,0,0,csoanet,0,main
4,201,1,1,1,csoanet,0,main
4,202,1,0,1,csoanet,0,main
4,203,1,1,1,csoanet,0,main
4,204,1,1,1,csoanet,0,main
4,205,1,1,1,csoanet,0,main
4,206,1,0,0,csoanet,0,main
4,207,1,0,0,csoanet,0,main
4,208,1,1,1,csoanet,0,main
4,209,1,0,0,csoanet,0,main
4,210,1,1,1,csoanet,0,main
4,211,1,1,1,csoanet,0,main
4,212,1,0,0,csoanet,0,main
4,213,1,0,0,csoanet,0,main
4,214,1,1,1,csoanet,0,main
4,215,1,0,0,csoanet,0,main
4,216,1,1,1,csoanet,0,main
4,217,1,0,1,csoanet,0,main
4,218,1,0,1,csoanet,0,main
4,219,1,1,1,csoanet,0,main
4,220,1,0,0,csoanet,0,main
4,221,1,0,1,csoanet,0,main
4,222,1,0,1,csoanet,0,main
4,223,1,1,1,csoanet,0,main
4,224,1,1,0,csoanet,0,main
4,225,1,1,1,csoanet,0,main
4,226,1,1,1,csoanet,0,main
4,227,1,0,1,csoanet,0,main
4,228,1,1,1,csoanet,0,main
4,229,1,1,1,csoanet,0,main
4,230,1,1,1,csoanet,0,main
4,231,1,0,0,csoanet,0,main
4,232,1,0,0,csoanet,0,main
4,233,1,0,0,csoanet,0,main
4,234,1,0,1,csoanet,0,main
4,235,1,0,1,csoanet,0,main
4,236,1,1,1,csoanet,0,main
4,237,1,0,1,csoanet,0,main
4,238,1,1,1,csoanet,0,main
4,239,1,1,1,csoanet,0,main
4,240,1,0,1,csoanet,0,main
4,241,1,1,1,csoanet,0,main
4,242,1,0,1,csoanet,0,main
4,243,1,0,1,csoanet,0,main
4,244,1,1,1,csoanet,0,main
4,245,1,1,1,csoanet,0,main
4,246,1,1,1,csoanet,0,main
4,247,1,0,1,csoanet,0,main
4,248,1,1,1,csoanet,0,main
4,249,1,1,1,csoanet,0,main
4,250,1,1,1,csoanet,0,main
4,251,1,1,1,csoanet,0,main
4,252,1,1,1,csoanet,0,main
4,253,1,0,0,csoanet,0,main
4,254,1,1,1,csoanet,0,main
4,255,1,1,1,csoanet,0,main
4,256,1,0,1,csoanet,0,main
4,257,1,0,1,csoanet,0,main
4,258,1,0,0,csoanet,0,main
4,259,1,0,1,csoanet,0,main
4,260,1,0,1,csoanet,0,main
4,261,1,0,0,csoanet,0,main
4,262,1,1,1,csoanet,0,main
4,263,1,0,1,csoanet,0,main
4,264,1,0,1,csoanet,0,main
4,265,1,1,1,csoanet,0,main
4,266,1,1,1,csoanet,0,main
4,267,1,0,0,csoanet,0,main
4,268,1,1,0,csoanet,0,main
4,269,1,1,1,csoanet,0,main
4,270,1,1,1,csoanet,0,main
4,271,1,1,0,csoanet,0,main
4,272,1,1,1,csoanet,0,main
4,273,1,0,1,csoanet,0,main
4,274,1,0,0,csoanet,0,main
4,275,1,0,0,csoanet,0,main
4,276,1,0,0,csoanet,0,main
4,277,1,1,1,csoanet,0,main
4,278,1,1,1,csoanet,0,main
4,279,1,0,1,csoanet,0,main
4,280,1,0,0,csoanet,0,main
4,281,1,0,1,csoanet,0,main
4,282,1,1,1,csoanet,0,main
4,283,1,1,1,csoanet,0,main
4,284,1,0,1,csoanet,0,main
4,285,1,0,0,csoanet,0,main
4,286,1,1,1,csoanet,0,main
4,287,1,0,1,csoanet,0,main
